TradeID,Broker,Symbol,Quantity,Price,TradeTimestamp
TRD-HOR-10000,Horizon_Brokers,MSFT,236,104.0,2026-05-11 11:10:42
TRD-HOR-10001,Horizon_Brokers,MSFT,35,498.62,2026-05-11 13:19:44
TRD-HOR-10002,Horizon_Brokers,TSLA,462,176.79,2026-05-11 13:48:39
TRD-HOR-10003,Horizon_Brokers,AMZN,120,252.57,2026-05-11 00:48:55
TRD-HOR-10004,Horizon_Brokers,TSLA,66,433.54,2026-05-11 07:42:56
TRD-HOR-10005,Horizon_Brokers,GOOGL,87,88.61,2026-05-11 12:58:25
TRD-HOR-10006,Horizon_Brokers,MSFT,181,131.42,2026-05-11 15:13:18
TRD-HOR-10007,Horizon_Brokers,AMZN,310,460.24,2026-05-11 01:26:39
TRD-HOR-10008,Horizon_Brokers,MSFT,449,74.15,2026-05-11 13:24:40
TRD-HOR-10009,Horizon_Brokers,TSLA,481,367.1,2026-05-11 08:09:18
TRD-HOR-10010,Horizon_Brokers,AAPL,69,464.16,2026-05-11 06:58:51
TRD-HOR-10011,Horizon_Brokers,AAPL,27,402.87,2026-05-10 18:45:00
TRD-HOR-10012,Horizon_Brokers,MSFT,48,439.59,2026-05-10 20:03:38
TRD-HOR-10013,Horizon_Brokers,TSLA,222,294.97,2026-05-10 22:32:31
TRD-HOR-10014,Horizon_Brokers,MSFT,282,389.62,2026-05-11 05:51:04
TRD-HOR-10015,Horizon_Brokers,AAPL,213,93.99,2026-05-11 14:55:39
TRD-HOR-10016,Horizon_Brokers,GOOGL,215,231.28,2026-05-10 18:55:31
TRD-HOR-10017,Horizon_Brokers,AAPL,235,77.07,2026-05-11 13:31:39
TRD-HOR-10018,Horizon_Brokers,AMZN,33,82.36,2026-05-11 05:40:13
TRD-HOR-10019,Horizon_Brokers,MSFT,68,452.79,2026-05-10 18:55:06
TRD-HOR-10020,Horizon_Brokers,AAPL,172,435.85,2026-05-10 21:21:19
TRD-HOR-10021,Horizon_Brokers,AAPL,412,278.75,2026-05-10 20:46:11
TRD-HOR-10022,Horizon_Brokers,GOOGL,363,414.91,2026-05-10 20:56:01
TRD-HOR-10023,Horizon_Brokers,GOOGL,331,224.02,2026-05-11 03:05:38
TRD-HOR-10024,Horizon_Brokers,AMZN,144,242.01,2026-05-10 23:40:01
TRD-HOR-10025,Horizon_Brokers,AMZN,422,367.57,2026-05-10 23:01:58
TRD-HOR-10026,Horizon_Brokers,MSFT,408,130.75,2026-05-11 08:27:20
TRD-HOR-10027,Horizon_Brokers,GOOGL,317,383.09,2026-05-11 03:02:35
TRD-HOR-10028,Horizon_Brokers,TSLA,50,275.39,2026-05-11 13:20:58
TRD-HOR-10029,Horizon_Brokers,AMZN,110,274.35,2026-05-10 23:18:58
TRD-HOR-10030,Horizon_Brokers,AAPL,129,328.01,2026-05-11 02:13:06
TRD-HOR-10031,Horizon_Brokers,GOOGL,433,300.8,2026-05-11 16:57:48
TRD-HOR-10032,Horizon_Brokers,AMZN,414,158.34,2026-05-11 08:08:31
TRD-HOR-10033,Horizon_Brokers,GOOGL,213,206.72,2026-05-11 10:42:08
TRD-HOR-10034,Horizon_Brokers,AAPL,383,358.62,2026-05-10 23:25:46
TRD-HOR-10035,Horizon_Brokers,TSLA,168,180.86,2026-05-11 10:41:18
TRD-HOR-10036,Horizon_Brokers,AMZN,317,318.08,2026-05-10 22:13:21
TRD-HOR-10037,Horizon_Brokers,AAPL,341,,2026-05-10 23:15:29
TRD-HOR-10038,Horizon_Brokers,GOOGL,167,98.03,2026-05-11 16:06:04
TRD-HOR-10039,Horizon_Brokers,TSLA,52,142.24,2026-05-10 18:07:16
TRD-HOR-10040,Horizon_Brokers,TSLA,139,81.11,2026-05-11 08:23:11
TRD-HOR-10041,Horizon_Brokers,MSFT,434,51.04,2026-05-11 01:22:56
TRD-HOR-10042,Horizon_Brokers,GOOGL,366,479.83,2026-05-11 10:47:44
TRD-HOR-10043,Horizon_Brokers,AMZN,11,378.1,2026-05-10 21:01:26
TRD-HOR-10044,Horizon_Brokers,TSLA,90,181.64,2026-05-10 23:13:44
TRD-HOR-10045,Horizon_Brokers,AAPL,273,106.09,2026-05-11 08:41:16
TRD-HOR-10046,Horizon_Brokers,AAPL,115,487.85,2026-05-11 00:12:13
TRD-HOR-10047,Horizon_Brokers,GOOGL,421,447.77,2026-05-11 01:25:03
TRD-HOR-10048,Horizon_Brokers,MSFT,246,382.85,2026-05-11 03:35:50
TRD-HOR-10049,Horizon_Brokers,TSLA,117,103.37,2026-05-10 22:53:09
TRD-HOR-10050,Horizon_Brokers,AAPL,108,208.7,2026-05-11 07:36:56
TRD-HOR-10051,Horizon_Brokers,TSLA,95,253.83,2026-05-11 06:06:07
TRD-HOR-10052,Horizon_Brokers,MSFT,109,168.62,2026-05-11 00:42:09
TRD-HOR-10053,Horizon_Brokers,AMZN,243,,2026-05-10 23:31:41
TRD-HOR-10054,Horizon_Brokers,AMZN,281,485.93,2026-05-11 07:48:53
TRD-HOR-10055,Horizon_Brokers,GOOGL,136,122.72,2026-05-11 13:32:05
TRD-HOR-10056,Horizon_Brokers,TSLA,56,200.55,2026-05-11 00:15:51
TRD-HOR-10057,Horizon_Brokers,GOOGL,247,445.01,2026-05-11 04:09:20
TRD-HOR-10058,Horizon_Brokers,GOOGL,113,417.56,2026-05-11 00:22:31
TRD-HOR-10059,Horizon_Brokers,MSFT,262,475.65,2026-05-11 04:40:41
TRD-HOR-10060,Horizon_Brokers,AAPL,178,483.75,2026-05-11 05:46:29
TRD-HOR-10061,Horizon_Brokers,MSFT,413,448.43,2026-05-10 21:28:16
TRD-HOR-10062,Horizon_Brokers,AMZN,393,276.86,2026-05-11 17:12:25
TRD-HOR-10063,Horizon_Brokers,TSLA,208,137.34,2026-05-11 14:10:52
TRD-HOR-10064,Horizon_Brokers,MSFT,179,280.84,2026-05-11 08:38:53
TRD-HOR-10065,Horizon_Brokers,AAPL,414,403.01,2026-05-11 02:31:08
TRD-HOR-10066,Horizon_Brokers,MSFT,88,391.1,2026-05-11 04:24:52
TRD-HOR-10067,Horizon_Brokers,AMZN,318,412.33,2026-05-10 18:22:05
TRD-HOR-10068,Horizon_Brokers,AMZN,286,370.1,2026-05-11 00:21:28
TRD-HOR-10069,Horizon_Brokers,AAPL,339,490.76,2026-05-10 20:25:01
TRD-HOR-10070,Horizon_Brokers,TSLA,100,457.33,2026-05-11 06:25:04
TRD-HOR-10071,Horizon_Brokers,AMZN,137,83.57,2026-05-11 13:18:48
TRD-HOR-10072,Horizon_Brokers,TSLA,248,457.54,2026-05-11 02:56:29
TRD-HOR-10073,Horizon_Brokers,GOOGL,491,230.9,2026-05-11 08:43:53
TRD-HOR-10074,Horizon_Brokers,AMZN,467,271.91,2026-05-11 02:07:30
TRD-HOR-10075,Horizon_Brokers,AMZN,491,247.64,2026-05-11 04:40:45
TRD-HOR-10076,Horizon_Brokers,MSFT,267,171.3,2026-05-11 00:40:32
TRD-HOR-10077,Horizon_Brokers,AMZN,330,245.56,2026-05-10 21:05:55
TRD-HOR-10078,Horizon_Brokers,MSFT,182,480.5,2026-05-10 18:22:50
TRD-HOR-10079,Horizon_Brokers,AAPL,105,402.0,2026-05-10 22:24:07
TRD-HOR-10080,Horizon_Brokers,AMZN,366,265.44,2026-05-10 21:55:20
TRD-HOR-10081,Horizon_Brokers,GOOGL,339,288.71,2026-05-11 13:17:39
TRD-HOR-10082,Horizon_Brokers,AMZN,477,280.91,2026-05-10 17:28:46
TRD-HOR-10083,Horizon_Brokers,AAPL,83,245.67,2026-05-11 16:43:30
TRD-HOR-10084,Horizon_Brokers,AAPL,118,202.21,2026-05-11 16:37:28
TRD-HOR-10085,Horizon_Brokers,AMZN,268,188.08,2026-05-11 09:33:11
TRD-HOR-10086,Horizon_Brokers,TSLA,268,232.92,2026-05-11 07:16:27
TRD-HOR-10087,Horizon_Brokers,AMZN,376,221.13,2026-05-11 06:23:40
TRD-HOR-10088,Horizon_Brokers,MSFT,50,382.97,2026-05-11 00:23:44
TRD-HOR-10089,Horizon_Brokers,MSFT,402,,2026-05-11 10:27:39
TRD-HOR-10090,Horizon_Brokers,TSLA,289,229.51,2026-05-11 01:44:58
TRD-HOR-10091,Horizon_Brokers,MSFT,239,67.43,2026-05-11 09:36:25
TRD-HOR-10092,Horizon_Brokers,TSLA,115,143.11,2026-05-11 12:31:42
TRD-HOR-10093,Horizon_Brokers,AAPL,413,58.3,2026-05-11 07:26:04
TRD-HOR-10094,Horizon_Brokers,AMZN,288,376.64,2026-05-11 03:36:08
TRD-HOR-10095,Horizon_Brokers,MSFT,132,244.14,2026-05-11 03:20:07
TRD-HOR-10096,Horizon_Brokers,MSFT,276,435.0,2026-05-11 04:47:25
TRD-HOR-10097,Horizon_Brokers,AMZN,312,333.07,2026-05-11 05:00:00
TRD-HOR-10098,Horizon_Brokers,AAPL,62,299.55,2026-05-11 10:38:22
TRD-HOR-10099,Horizon_Brokers,MSFT,118,111.77,2026-05-10 20:28:57
TRD-HOR-10100,Horizon_Brokers,GOOGL,349,203.61,2026-05-11 03:19:16
TRD-HOR-10101,Horizon_Brokers,MSFT,62,201.42,2026-05-11 02:22:01
TRD-HOR-10102,Horizon_Brokers,GOOGL,340,,2026-05-11 16:22:51
TRD-HOR-10103,Horizon_Brokers,AAPL,178,,2026-05-10 22:41:46
TRD-HOR-10104,Horizon_Brokers,GOOGL,33,363.46,2026-05-10 19:06:26
TRD-HOR-10105,Horizon_Brokers,MSFT,237,465.49,2026-05-11 09:05:46
TRD-HOR-10106,Horizon_Brokers,AMZN,390,494.9,2026-05-11 16:06:28
TRD-HOR-10107,Horizon_Brokers,AAPL,377,288.34,2026-05-11 13:44:58
TRD-HOR-10108,Horizon_Brokers,AMZN,438,295.16,2026-05-11 07:08:31
TRD-HOR-10109,Horizon_Brokers,MSFT,331,463.21,2026-05-10 21:29:32
TRD-HOR-10110,Horizon_Brokers,AAPL,162,488.11,2026-05-11 13:17:34
TRD-HOR-10111,Horizon_Brokers,AMZN,471,77.09,2026-05-11 14:16:39
TRD-HOR-10112,Horizon_Brokers,TSLA,18,,2026-05-11 15:42:19
TRD-HOR-10113,Horizon_Brokers,GOOGL,303,168.67,2026-05-11 04:59:46
TRD-HOR-10114,Horizon_Brokers,TSLA,279,492.52,2026-05-10 18:21:12
TRD-HOR-10115,Horizon_Brokers,TSLA,165,424.79,2026-05-11 07:40:49
TRD-HOR-10116,Horizon_Brokers,AMZN,99,,2026-05-11 02:22:16
TRD-HOR-10117,Horizon_Brokers,MSFT,219,474.46,2026-05-10 19:21:32
TRD-HOR-10118,Horizon_Brokers,GOOGL,160,472.83,2026-05-11 15:50:43
TRD-HOR-10119,Horizon_Brokers,GOOGL,99,419.36,2026-05-11 14:48:40
TRD-HOR-10120,Horizon_Brokers,TSLA,407,63.17,2026-05-11 11:11:25
TRD-HOR-10121,Horizon_Brokers,AMZN,113,315.55,2026-05-11 05:31:31
TRD-HOR-10122,Horizon_Brokers,MSFT,10,277.92,2026-05-11 04:35:10
TRD-HOR-10123,Horizon_Brokers,AAPL,458,252.67,2026-05-11 00:35:26
TRD-HOR-10124,Horizon_Brokers,GOOGL,86,276.22,2026-05-11 15:53:51
TRD-HOR-10125,Horizon_Brokers,MSFT,346,219.64,2026-05-10 23:35:41
TRD-HOR-10126,Horizon_Brokers,MSFT,242,392.17,2026-05-10 18:16:34
TRD-HOR-10127,Horizon_Brokers,AMZN,475,266.0,2026-05-11 12:29:10
TRD-HOR-10128,Horizon_Brokers,TSLA,119,90.11,2026-05-10 21:08:50
TRD-HOR-10129,Horizon_Brokers,TSLA,146,432.16,2026-05-10 22:22:10
TRD-HOR-10130,Horizon_Brokers,AAPL,77,52.27,2026-05-11 05:49:12
TRD-HOR-10131,Horizon_Brokers,TSLA,418,269.1,2026-05-11 07:42:57
TRD-HOR-10132,Horizon_Brokers,AAPL,325,358.02,2026-05-11 12:13:02
TRD-HOR-10133,Horizon_Brokers,AMZN,126,453.5,2026-05-11 07:56:21
TRD-HOR-10134,Horizon_Brokers,TSLA,321,103.64,2026-05-11 15:05:40
TRD-HOR-10135,Horizon_Brokers,TSLA,246,269.7,2026-05-11 14:12:02
TRD-HOR-10136,Horizon_Brokers,AMZN,151,114.0,2026-05-11 04:20:30
TRD-HOR-10137,Horizon_Brokers,MSFT,31,70.09,2026-05-11 10:39:18
TRD-HOR-10138,Horizon_Brokers,GOOGL,351,242.39,2026-05-11 10:41:58
TRD-HOR-10139,Horizon_Brokers,AAPL,276,160.37,2026-05-10 20:48:38
TRD-HOR-10140,Horizon_Brokers,TSLA,299,108.17,2026-05-11 13:20:47
TRD-HOR-10141,Horizon_Brokers,GOOGL,110,376.07,2026-05-11 06:00:51
TRD-HOR-10142,Horizon_Brokers,MSFT,38,364.35,2026-05-10 21:17:39
TRD-HOR-10143,Horizon_Brokers,GOOGL,242,491.89,2026-05-10 18:08:27
TRD-HOR-10144,Horizon_Brokers,GOOGL,487,405.38,2026-05-10 17:55:38
TRD-HOR-10145,Horizon_Brokers,TSLA,448,61.13,2026-05-11 14:24:11
TRD-HOR-10146,Horizon_Brokers,AAPL,74,457.81,2026-05-10 22:16:10
TRD-HOR-10147,Horizon_Brokers,AMZN,75,474.07,2026-05-10 20:22:02
TRD-HOR-10148,Horizon_Brokers,MSFT,302,399.95,2026-05-11 03:06:43
TRD-HOR-10149,Horizon_Brokers,AAPL,249,156.18,2026-05-11 11:11:35
TRD-HOR-10150,Horizon_Brokers,AAPL,25,456.75,2026-05-11 16:40:04
TRD-HOR-10151,Horizon_Brokers,AMZN,108,66.72,2026-05-11 15:09:03
TRD-HOR-10152,Horizon_Brokers,GOOGL,489,200.2,2026-05-11 17:19:27
TRD-HOR-10153,Horizon_Brokers,TSLA,427,460.91,2026-05-10 20:07:54
TRD-HOR-10154,Horizon_Brokers,AAPL,26,150.34,2026-05-11 00:33:31
TRD-HOR-10155,Horizon_Brokers,AMZN,436,96.19,2026-05-11 01:22:27
TRD-HOR-10156,Horizon_Brokers,GOOGL,351,445.96,2026-05-10 21:51:06
TRD-HOR-10157,Horizon_Brokers,AMZN,180,289.02,2026-05-11 03:39:25
TRD-HOR-10158,Horizon_Brokers,AAPL,384,151.1,2026-05-10 18:28:27
TRD-HOR-10159,Horizon_Brokers,TSLA,146,450.79,2026-05-11 13:05:10
TRD-HOR-10160,Horizon_Brokers,GOOGL,196,162.09,2026-05-11 03:12:11
TRD-HOR-10161,Horizon_Brokers,AAPL,230,69.32,2026-05-11 06:49:02
TRD-HOR-10162,Horizon_Brokers,AMZN,157,244.75,2026-05-11 10:56:03
TRD-HOR-10163,Horizon_Brokers,MSFT,198,249.62,2026-05-11 16:40:54
TRD-HOR-10164,Horizon_Brokers,AMZN,236,230.46,2026-05-10 20:49:52
TRD-HOR-10165,Horizon_Brokers,TSLA,136,230.29,2026-05-11 00:35:33
TRD-HOR-10166,Horizon_Brokers,AMZN,497,,2026-05-11 01:44:24
TRD-HOR-10167,Horizon_Brokers,MSFT,339,470.81,2026-05-10 21:56:02
TRD-HOR-10168,Horizon_Brokers,MSFT,226,128.18,2026-05-11 07:12:39
TRD-HOR-10169,Horizon_Brokers,MSFT,166,189.35,2026-05-11 09:22:21
TRD-HOR-10170,Horizon_Brokers,MSFT,375,107.52,2026-05-10 22:11:56
TRD-HOR-10171,Horizon_Brokers,MSFT,413,463.01,2026-05-11 04:30:06
TRD-HOR-10172,Horizon_Brokers,AMZN,60,367.78,2026-05-11 17:00:39
TRD-HOR-10173,Horizon_Brokers,GOOGL,339,118.41,2026-05-11 17:03:18
TRD-HOR-10174,Horizon_Brokers,MSFT,280,332.84,2026-05-11 02:44:11
TRD-HOR-10175,Horizon_Brokers,AMZN,312,208.98,2026-05-11 08:28:16
TRD-HOR-10176,Horizon_Brokers,GOOGL,481,201.09,2026-05-11 17:09:20
TRD-HOR-10177,Horizon_Brokers,AAPL,422,401.31,2026-05-11 12:23:04
TRD-HOR-10178,Horizon_Brokers,MSFT,386,458.42,2026-05-10 22:44:16
TRD-HOR-10179,Horizon_Brokers,GOOGL,261,260.82,2026-05-10 21:06:16
TRD-HOR-10180,Horizon_Brokers,GOOGL,380,61.77,2026-05-10 17:32:42
TRD-HOR-10181,Horizon_Brokers,GOOGL,281,380.03,2026-05-11 08:37:46
TRD-HOR-10182,Horizon_Brokers,AAPL,442,181.33,2026-05-10 19:10:52
TRD-HOR-10183,Horizon_Brokers,AAPL,67,173.49,2026-05-11 05:58:57
TRD-HOR-10184,Horizon_Brokers,TSLA,436,125.2,2026-05-10 22:15:25
TRD-HOR-10185,Horizon_Brokers,GOOGL,293,147.51,2026-05-10 19:20:50
TRD-HOR-10186,Horizon_Brokers,AAPL,311,482.87,2026-05-11 04:30:59
TRD-HOR-10187,Horizon_Brokers,MSFT,404,55.26,2026-05-11 14:57:22
TRD-HOR-10188,Horizon_Brokers,TSLA,489,134.27,2026-05-11 11:26:17
TRD-HOR-10189,Horizon_Brokers,TSLA,418,449.42,2026-05-11 00:49:05
TRD-HOR-10190,Horizon_Brokers,AMZN,424,466.65,2026-05-11 13:15:10
TRD-HOR-10191,Horizon_Brokers,GOOGL,183,247.67,2026-05-11 09:49:57
TRD-HOR-10192,Horizon_Brokers,AAPL,399,168.81,2026-05-10 17:36:22
TRD-HOR-10193,Horizon_Brokers,GOOGL,438,360.99,2026-05-11 17:04:56
TRD-HOR-10194,Horizon_Brokers,MSFT,203,144.36,2026-05-10 18:39:13
TRD-HOR-10195,Horizon_Brokers,AMZN,335,239.38,2026-05-11 08:07:36
TRD-HOR-10196,Horizon_Brokers,MSFT,463,355.63,2026-05-11 12:03:09
TRD-HOR-10197,Horizon_Brokers,GOOGL,151,103.72,2026-05-10 22:01:54
TRD-HOR-10198,Horizon_Brokers,GOOGL,148,281.14,2026-05-11 04:35:52
TRD-HOR-10199,Horizon_Brokers,GOOGL,415,381.83,2026-05-10 20:58:50
TRD-HOR-10200,Horizon_Brokers,MSFT,445,196.97,2026-05-11 07:51:45
TRD-HOR-10201,Horizon_Brokers,AAPL,357,320.34,2026-05-11 02:52:26
TRD-HOR-10202,Horizon_Brokers,AAPL,184,324.0,2026-05-11 15:28:43
TRD-HOR-10203,Horizon_Brokers,AAPL,441,185.53,2026-05-11 16:38:05
TRD-HOR-10204,Horizon_Brokers,TSLA,32,457.54,2026-05-11 04:27:26
TRD-HOR-10205,Horizon_Brokers,AMZN,260,305.34,2026-05-11 12:43:46
TRD-HOR-10206,Horizon_Brokers,MSFT,368,111.05,2026-05-11 12:10:08
TRD-HOR-10207,Horizon_Brokers,GOOGL,205,254.03,2026-05-10 20:45:46
TRD-HOR-10208,Horizon_Brokers,TSLA,322,179.98,2026-05-11 11:36:57
TRD-HOR-10209,Horizon_Brokers,GOOGL,364,309.7,2026-05-11 03:41:03
TRD-HOR-10210,Horizon_Brokers,TSLA,434,442.73,2026-05-11 01:23:34
TRD-HOR-10211,Horizon_Brokers,AAPL,123,237.17,2026-05-11 09:10:00
TRD-HOR-10212,Horizon_Brokers,MSFT,27,324.84,2026-05-11 04:22:28
TRD-HOR-10213,Horizon_Brokers,AMZN,203,476.59,2026-05-10 18:11:28
TRD-HOR-10214,Horizon_Brokers,TSLA,24,451.68,2026-05-11 12:28:59
TRD-HOR-10215,Horizon_Brokers,AAPL,152,499.23,2026-05-11 15:38:23
TRD-HOR-10216,Horizon_Brokers,GOOGL,76,115.39,2026-05-11 10:08:42
TRD-HOR-10217,Horizon_Brokers,AMZN,298,309.62,2026-05-11 16:15:19
TRD-HOR-10218,Horizon_Brokers,AMZN,419,459.32,2026-05-11 12:35:54
TRD-HOR-10219,Horizon_Brokers,MSFT,92,331.44,2026-05-11 05:09:19
TRD-HOR-10220,Horizon_Brokers,GOOGL,399,410.85,2026-05-11 13:10:40
TRD-HOR-10221,Horizon_Brokers,GOOGL,154,144.9,2026-05-11 14:41:26
TRD-HOR-10222,Horizon_Brokers,AAPL,377,348.58,2026-05-11 03:17:13
TRD-HOR-10223,Horizon_Brokers,AAPL,470,373.81,2026-05-11 01:20:44
TRD-HOR-10224,Horizon_Brokers,AAPL,102,138.54,2026-05-11 06:21:10
TRD-HOR-10225,Horizon_Brokers,AAPL,85,236.32,2026-05-11 15:47:41
TRD-HOR-10226,Horizon_Brokers,AAPL,226,318.65,2026-05-11 02:32:06
TRD-HOR-10227,Horizon_Brokers,AMZN,193,91.21,2026-05-10 23:07:08
TRD-HOR-10228,Horizon_Brokers,AMZN,100,233.53,2026-05-11 16:00:07
TRD-HOR-10229,Horizon_Brokers,AAPL,135,195.01,2026-05-11 13:37:07
TRD-HOR-10230,Horizon_Brokers,MSFT,291,72.85,2026-05-11 15:49:01
TRD-HOR-10231,Horizon_Brokers,MSFT,443,427.73,2026-05-11 04:09:26
TRD-HOR-10232,Horizon_Brokers,TSLA,283,298.32,2026-05-11 07:24:29
TRD-HOR-10233,Horizon_Brokers,AMZN,164,218.62,2026-05-11 16:31:27
TRD-HOR-10234,Horizon_Brokers,AAPL,427,374.19,2026-05-10 20:56:18
TRD-HOR-10235,Horizon_Brokers,GOOGL,454,59.42,2026-05-10 19:13:29
TRD-HOR-10236,Horizon_Brokers,GOOGL,56,442.2,2026-05-11 08:41:04
TRD-HOR-10237,Horizon_Brokers,MSFT,97,190.41,2026-05-11 04:42:32
TRD-HOR-10238,Horizon_Brokers,MSFT,170,240.67,2026-05-11 10:25:28
TRD-HOR-10239,Horizon_Brokers,TSLA,333,159.48,2026-05-11 14:07:58
TRD-HOR-10240,Horizon_Brokers,TSLA,113,395.77,2026-05-10 21:33:19
TRD-HOR-10241,Horizon_Brokers,AMZN,161,284.68,2026-05-11 01:30:37
TRD-HOR-10242,Horizon_Brokers,TSLA,495,479.97,2026-05-10 22:32:32
TRD-HOR-10243,Horizon_Brokers,AMZN,268,279.3,2026-05-10 21:37:35
TRD-HOR-10244,Horizon_Brokers,GOOGL,425,442.55,2026-05-11 01:51:54
TRD-HOR-10245,Horizon_Brokers,AMZN,35,368.96,2026-05-11 12:44:47
TRD-HOR-10246,Horizon_Brokers,AMZN,259,163.47,2026-05-10 20:58:18
TRD-HOR-10247,Horizon_Brokers,AMZN,337,215.52,2026-05-11 04:38:26
TRD-HOR-10248,Horizon_Brokers,GOOGL,355,312.93,2026-05-10 21:08:11
TRD-HOR-10249,Horizon_Brokers,TSLA,358,180.01,2026-05-11 02:05:09
TRD-HOR-10250,Horizon_Brokers,GOOGL,331,153.6,2026-05-11 12:02:57
TRD-HOR-10251,Horizon_Brokers,TSLA,408,246.52,2026-05-10 18:37:21
TRD-HOR-10252,Horizon_Brokers,TSLA,267,450.39,2026-05-11 13:26:10
TRD-HOR-10253,Horizon_Brokers,GOOGL,231,,2026-05-11 16:25:36
TRD-HOR-10254,Horizon_Brokers,GOOGL,72,68.64,2026-05-11 12:48:27
TRD-HOR-10255,Horizon_Brokers,GOOGL,226,362.52,2026-05-10 19:52:21
TRD-HOR-10256,Horizon_Brokers,MSFT,454,344.45,2026-05-11 03:37:54
TRD-HOR-10257,Horizon_Brokers,GOOGL,147,302.44,2026-05-10 22:05:13
TRD-HOR-10258,Horizon_Brokers,AAPL,169,492.34,2026-05-10 19:37:44
TRD-HOR-10259,Horizon_Brokers,AAPL,302,86.81,2026-05-11 10:23:31
TRD-HOR-10260,Horizon_Brokers,AMZN,424,194.43,2026-05-11 02:33:44
TRD-HOR-10261,Horizon_Brokers,AAPL,101,159.57,2026-05-11 00:39:01
TRD-HOR-10262,Horizon_Brokers,TSLA,27,148.3,2026-05-11 08:38:12
TRD-HOR-10263,Horizon_Brokers,AAPL,241,103.44,2026-05-11 16:13:33
TRD-HOR-10264,Horizon_Brokers,AMZN,136,115.13,2026-05-11 02:29:57
TRD-HOR-10265,Horizon_Brokers,MSFT,127,423.08,2026-05-11 00:38:25
TRD-HOR-10266,Horizon_Brokers,AAPL,203,201.38,2026-05-11 03:45:58
TRD-HOR-10267,Horizon_Brokers,MSFT,176,311.8,2026-05-11 02:17:43
TRD-HOR-10268,Horizon_Brokers,GOOGL,487,479.97,2026-05-11 15:02:02
TRD-HOR-10269,Horizon_Brokers,TSLA,445,320.05,2026-05-11 10:28:20
TRD-HOR-10270,Horizon_Brokers,AAPL,34,470.0,2026-05-11 02:55:15
TRD-HOR-10271,Horizon_Brokers,MSFT,149,221.87,2026-05-10 19:25:57
TRD-HOR-10272,Horizon_Brokers,AAPL,158,494.01,2026-05-10 19:13:41
TRD-HOR-10273,Horizon_Brokers,GOOGL,455,352.62,2026-05-10 23:03:12
TRD-HOR-10274,Horizon_Brokers,AMZN,332,243.41,2026-05-11 02:25:29
TRD-HOR-10275,Horizon_Brokers,TSLA,52,258.11,2026-05-11 12:44:53
TRD-HOR-10276,Horizon_Brokers,MSFT,197,319.49,2026-05-10 19:46:39
TRD-HOR-10277,Horizon_Brokers,GOOGL,314,461.84,2026-05-11 06:41:17
TRD-HOR-10278,Horizon_Brokers,MSFT,257,491.37,2026-05-11 05:07:46
TRD-HOR-10279,Horizon_Brokers,TSLA,167,251.4,2026-05-11 04:28:43
TRD-HOR-10280,Horizon_Brokers,TSLA,84,176.45,2026-05-11 09:20:13
TRD-HOR-10281,Horizon_Brokers,TSLA,495,446.68,2026-05-11 01:26:05
TRD-HOR-10282,Horizon_Brokers,GOOGL,115,226.56,2026-05-10 18:59:50
TRD-HOR-10283,Horizon_Brokers,AMZN,457,408.62,2026-05-11 06:15:48
TRD-HOR-10284,Horizon_Brokers,MSFT,31,186.46,2026-05-11 03:06:36
TRD-HOR-10285,Horizon_Brokers,MSFT,354,427.53,2026-05-11 03:20:26
TRD-HOR-10286,Horizon_Brokers,TSLA,36,158.43,2026-05-11 03:57:10
TRD-HOR-10287,Horizon_Brokers,GOOGL,428,58.93,2026-05-11 06:35:30
TRD-HOR-10288,Horizon_Brokers,GOOGL,394,441.43,2026-05-11 09:27:35
TRD-HOR-10289,Horizon_Brokers,AMZN,340,126.54,2026-05-11 15:04:44
TRD-HOR-10290,Horizon_Brokers,MSFT,490,209.73,2026-05-11 10:54:46
TRD-HOR-10291,Horizon_Brokers,GOOGL,160,246.32,2026-05-11 02:50:09
TRD-HOR-10292,Horizon_Brokers,MSFT,377,61.05,2026-05-11 02:52:42
TRD-HOR-10293,Horizon_Brokers,AMZN,109,424.83,2026-05-11 06:05:04
TRD-HOR-10294,Horizon_Brokers,AAPL,66,189.69,2026-05-10 21:48:08
TRD-HOR-10295,Horizon_Brokers,AAPL,429,326.29,2026-05-10 21:19:15
TRD-HOR-10296,Horizon_Brokers,TSLA,144,220.57,2026-05-10 21:37:29
TRD-HOR-10297,Horizon_Brokers,AAPL,271,312.06,2026-05-11 12:59:31
TRD-HOR-10298,Horizon_Brokers,MSFT,86,111.51,2026-05-10 19:22:44
TRD-HOR-10299,Horizon_Brokers,MSFT,441,279.73,2026-05-10 23:07:59
TRD-HOR-10300,Horizon_Brokers,MSFT,20,51.19,2026-05-10 21:02:38
TRD-HOR-10301,Horizon_Brokers,AMZN,40,249.08,2026-05-11 10:16:05
TRD-HOR-10302,Horizon_Brokers,TSLA,41,273.43,2026-05-10 20:16:50
TRD-HOR-10303,Horizon_Brokers,AMZN,57,430.89,2026-05-11 03:03:22
TRD-HOR-10304,Horizon_Brokers,AMZN,295,106.34,2026-05-11 00:45:36
TRD-HOR-10305,Horizon_Brokers,MSFT,235,400.3,2026-05-11 05:50:25
TRD-HOR-10306,Horizon_Brokers,MSFT,454,291.21,2026-05-10 18:41:23
TRD-HOR-10307,Horizon_Brokers,TSLA,346,107.51,2026-05-11 04:20:37
TRD-HOR-10308,Horizon_Brokers,MSFT,160,399.57,2026-05-11 01:52:13
TRD-HOR-10309,Horizon_Brokers,AMZN,415,70.39,2026-05-11 06:26:50
TRD-HOR-10310,Horizon_Brokers,MSFT,381,131.18,2026-05-11 04:00:39
TRD-HOR-10311,Horizon_Brokers,AMZN,166,291.09,2026-05-11 10:24:01
TRD-HOR-10312,Horizon_Brokers,GOOGL,476,389.7,2026-05-10 21:30:55
TRD-HOR-10313,Horizon_Brokers,AMZN,28,311.16,2026-05-10 19:52:38
TRD-HOR-10314,Horizon_Brokers,GOOGL,78,220.67,2026-05-11 04:28:20
TRD-HOR-10315,Horizon_Brokers,AAPL,384,371.65,2026-05-10 20:45:47
TRD-HOR-10316,Horizon_Brokers,GOOGL,118,204.07,2026-05-11 02:41:43
TRD-HOR-10317,Horizon_Brokers,AAPL,100,460.5,2026-05-10 19:10:47
TRD-HOR-10318,Horizon_Brokers,MSFT,323,168.56,2026-05-11 16:29:55
TRD-HOR-10319,Horizon_Brokers,AAPL,251,486.17,2026-05-10 19:53:56
TRD-HOR-10320,Horizon_Brokers,GOOGL,149,380.42,2026-05-11 00:25:53
TRD-HOR-10321,Horizon_Brokers,TSLA,444,229.08,2026-05-10 17:55:51
TRD-HOR-10322,Horizon_Brokers,AMZN,320,196.39,2026-05-11 01:44:35
TRD-HOR-10323,Horizon_Brokers,TSLA,416,85.95,2026-05-11 13:22:04
TRD-HOR-10324,Horizon_Brokers,AMZN,408,201.17,2026-05-10 18:03:01
TRD-HOR-10325,Horizon_Brokers,AMZN,343,189.53,2026-05-11 04:10:28
TRD-HOR-10326,Horizon_Brokers,MSFT,221,460.88,2026-05-10 18:32:24
TRD-HOR-10327,Horizon_Brokers,GOOGL,64,478.42,2026-05-11 16:18:44
TRD-HOR-10328,Horizon_Brokers,MSFT,408,468.84,2026-05-11 13:52:40
TRD-HOR-10329,Horizon_Brokers,TSLA,467,282.96,2026-05-11 01:33:54
TRD-HOR-10330,Horizon_Brokers,MSFT,489,125.57,2026-05-11 02:52:45
TRD-HOR-10331,Horizon_Brokers,AAPL,69,284.37,2026-05-11 06:36:28
TRD-HOR-10332,Horizon_Brokers,AAPL,351,211.54,2026-05-11 14:41:11
TRD-HOR-10333,Horizon_Brokers,TSLA,379,466.75,2026-05-11 04:45:32
TRD-HOR-10334,Horizon_Brokers,MSFT,452,75.41,2026-05-11 08:42:59
TRD-HOR-10335,Horizon_Brokers,TSLA,495,218.13,2026-05-10 23:43:33
TRD-HOR-10336,Horizon_Brokers,GOOGL,468,235.21,2026-05-11 14:24:16
TRD-HOR-10337,Horizon_Brokers,GOOGL,384,316.88,2026-05-10 22:31:55
TRD-HOR-10338,Horizon_Brokers,TSLA,391,207.47,2026-05-11 15:55:52
TRD-HOR-10339,Horizon_Brokers,MSFT,464,233.15,2026-05-11 12:52:11
TRD-HOR-10340,Horizon_Brokers,MSFT,141,75.14,2026-05-11 04:38:04
TRD-HOR-10341,Horizon_Brokers,AMZN,207,238.76,2026-05-11 08:42:41
TRD-HOR-10342,Horizon_Brokers,AAPL,25,346.03,2026-05-11 02:10:02
TRD-HOR-10343,Horizon_Brokers,AMZN,125,96.88,2026-05-11 08:48:23
TRD-HOR-10344,Horizon_Brokers,AMZN,78,405.22,2026-05-10 22:37:24
TRD-HOR-10345,Horizon_Brokers,AMZN,18,480.52,2026-05-10 18:55:56
TRD-HOR-10346,Horizon_Brokers,AAPL,114,91.46,2026-05-10 19:34:31
TRD-HOR-10347,Horizon_Brokers,MSFT,200,341.62,2026-05-11 14:31:01
TRD-HOR-10348,Horizon_Brokers,AMZN,87,418.58,2026-05-10 23:44:01
TRD-HOR-10349,Horizon_Brokers,MSFT,147,489.58,2026-05-10 23:41:40
TRD-HOR-10350,Horizon_Brokers,AAPL,457,428.85,2026-05-11 04:08:01
TRD-HOR-10351,Horizon_Brokers,AAPL,413,458.72,2026-05-10 19:11:02
TRD-HOR-10352,Horizon_Brokers,MSFT,403,183.95,2026-05-11 06:55:12
TRD-HOR-10353,Horizon_Brokers,AAPL,205,245.63,2026-05-11 07:58:20
TRD-HOR-10354,Horizon_Brokers,GOOGL,248,268.56,2026-05-11 03:16:05
TRD-HOR-10355,Horizon_Brokers,AAPL,98,320.55,2026-05-11 01:46:28
TRD-HOR-10356,Horizon_Brokers,MSFT,81,373.01,2026-05-11 02:45:54
TRD-HOR-10357,Horizon_Brokers,MSFT,376,474.98,2026-05-10 17:20:24
TRD-HOR-10358,Horizon_Brokers,TSLA,16,449.72,2026-05-11 13:49:54
TRD-HOR-10359,Horizon_Brokers,GOOGL,355,423.26,2026-05-11 10:52:59
TRD-HOR-10360,Horizon_Brokers,AMZN,118,113.49,2026-05-11 14:50:21
TRD-HOR-10361,Horizon_Brokers,MSFT,449,275.59,2026-05-10 20:54:15
TRD-HOR-10362,Horizon_Brokers,MSFT,317,200.86,2026-05-11 14:12:15
TRD-HOR-10363,Horizon_Brokers,AAPL,24,271.23,2026-05-10 22:46:09
TRD-HOR-10364,Horizon_Brokers,MSFT,357,268.89,2026-05-11 02:02:24
TRD-HOR-10365,Horizon_Brokers,GOOGL,140,,2026-05-10 21:37:21
TRD-HOR-10366,Horizon_Brokers,AAPL,317,83.09,2026-05-10 18:34:45
TRD-HOR-10367,Horizon_Brokers,MSFT,87,138.61,2026-05-11 04:49:34
TRD-HOR-10368,Horizon_Brokers,TSLA,367,387.42,2026-05-11 03:31:02
TRD-HOR-10369,Horizon_Brokers,TSLA,216,250.5,2026-05-11 12:25:46
TRD-HOR-10370,Horizon_Brokers,AAPL,378,268.34,2026-05-11 09:35:52
TRD-HOR-10371,Horizon_Brokers,TSLA,48,356.74,2026-05-11 07:27:44
TRD-HOR-10372,Horizon_Brokers,TSLA,295,287.12,2026-05-11 17:08:55
TRD-HOR-10373,Horizon_Brokers,AMZN,80,320.07,2026-05-11 12:52:42
TRD-HOR-10374,Horizon_Brokers,GOOGL,291,134.17,2026-05-10 23:20:14
TRD-HOR-10375,Horizon_Brokers,AMZN,186,329.96,2026-05-10 17:32:54
TRD-HOR-10376,Horizon_Brokers,TSLA,308,150.6,2026-05-11 00:54:08
TRD-HOR-10377,Horizon_Brokers,MSFT,68,367.91,2026-05-11 01:42:16
TRD-HOR-10378,Horizon_Brokers,AMZN,459,313.63,2026-05-11 12:04:48
TRD-HOR-10379,Horizon_Brokers,GOOGL,47,402.03,2026-05-11 14:10:58
TRD-HOR-10380,Horizon_Brokers,GOOGL,41,383.98,2026-05-11 01:29:38
TRD-HOR-10381,Horizon_Brokers,MSFT,42,281.38,2026-05-10 18:18:29
TRD-HOR-10382,Horizon_Brokers,AAPL,55,315.43,2026-05-10 20:59:22
TRD-HOR-10383,Horizon_Brokers,TSLA,104,482.86,2026-05-11 02:02:24
TRD-HOR-10384,Horizon_Brokers,TSLA,136,262.77,2026-05-11 02:35:36
TRD-HOR-10385,Horizon_Brokers,TSLA,52,89.74,2026-05-11 03:26:04
TRD-HOR-10386,Horizon_Brokers,TSLA,346,222.91,2026-05-11 14:02:52
TRD-HOR-10387,Horizon_Brokers,TSLA,189,255.46,2026-05-11 05:54:13
TRD-HOR-10388,Horizon_Brokers,MSFT,296,412.27,2026-05-10 19:33:55
TRD-HOR-10389,Horizon_Brokers,GOOGL,432,159.86,2026-05-11 17:04:23
TRD-HOR-10390,Horizon_Brokers,MSFT,356,198.72,2026-05-10 18:27:33
TRD-HOR-10391,Horizon_Brokers,MSFT,422,356.21,2026-05-11 08:49:58
TRD-HOR-10392,Horizon_Brokers,AAPL,280,204.61,2026-05-11 13:54:55
TRD-HOR-10393,Horizon_Brokers,GOOGL,210,58.29,2026-05-11 08:39:36
TRD-HOR-10394,Horizon_Brokers,MSFT,376,60.71,2026-05-11 12:15:13
TRD-HOR-10395,Horizon_Brokers,MSFT,226,315.0,2026-05-11 12:02:08
TRD-HOR-10396,Horizon_Brokers,AAPL,171,414.41,2026-05-10 19:25:46
TRD-HOR-10397,Horizon_Brokers,GOOGL,24,354.67,2026-05-11 09:38:32
TRD-HOR-10398,Horizon_Brokers,TSLA,359,294.6,2026-05-11 17:18:53
TRD-HOR-10399,Horizon_Brokers,MSFT,101,321.41,2026-05-11 12:45:47
TRD-HOR-10400,Horizon_Brokers,AAPL,271,215.39,2026-05-11 06:24:19
TRD-HOR-10401,Horizon_Brokers,AAPL,460,455.16,2026-05-11 15:27:19
TRD-HOR-10402,Horizon_Brokers,GOOGL,468,125.25,2026-05-10 20:16:54
TRD-HOR-10403,Horizon_Brokers,AAPL,181,147.93,2026-05-11 10:05:30
TRD-HOR-10404,Horizon_Brokers,TSLA,314,256.43,2026-05-11 07:17:00
TRD-HOR-10405,Horizon_Brokers,AMZN,88,75.65,2026-05-11 01:49:14
TRD-HOR-10406,Horizon_Brokers,AAPL,56,104.35,2026-05-11 03:35:19
TRD-HOR-10407,Horizon_Brokers,MSFT,400,370.52,2026-05-11 14:20:52
TRD-HOR-10408,Horizon_Brokers,AAPL,313,113.82,2026-05-11 03:47:44
TRD-HOR-10409,Horizon_Brokers,MSFT,258,497.78,2026-05-11 16:36:36
TRD-HOR-10410,Horizon_Brokers,MSFT,44,329.21,2026-05-10 17:39:13
TRD-HOR-10411,Horizon_Brokers,GOOGL,335,54.72,2026-05-11 06:07:31
TRD-HOR-10412,Horizon_Brokers,GOOGL,192,421.95,2026-05-11 07:36:26
TRD-HOR-10413,Horizon_Brokers,AAPL,309,246.9,2026-05-11 07:53:09
TRD-HOR-10414,Horizon_Brokers,AMZN,56,480.35,2026-05-11 04:34:32
TRD-HOR-10415,Horizon_Brokers,TSLA,229,473.5,2026-05-11 00:44:03
TRD-HOR-10416,Horizon_Brokers,AMZN,383,355.84,2026-05-10 23:21:25
TRD-HOR-10417,Horizon_Brokers,AAPL,322,430.29,2026-05-11 09:27:52
TRD-HOR-10418,Horizon_Brokers,AMZN,298,498.88,2026-05-10 20:14:19
TRD-HOR-10419,Horizon_Brokers,TSLA,146,240.42,2026-05-11 06:57:52
TRD-HOR-10420,Horizon_Brokers,AAPL,474,355.49,2026-05-11 00:15:35
TRD-HOR-10421,Horizon_Brokers,GOOGL,123,148.68,2026-05-10 23:35:18
TRD-HOR-10422,Horizon_Brokers,GOOGL,448,268.52,2026-05-11 11:35:51
TRD-HOR-10423,Horizon_Brokers,GOOGL,312,57.5,2026-05-10 19:06:49
TRD-HOR-10424,Horizon_Brokers,TSLA,198,452.23,2026-05-11 12:09:37
TRD-HOR-10425,Horizon_Brokers,AAPL,212,216.17,2026-05-11 04:11:07
TRD-HOR-10426,Horizon_Brokers,GOOGL,202,,2026-05-10 22:02:00
TRD-HOR-10427,Horizon_Brokers,MSFT,140,262.05,2026-05-11 12:20:59
TRD-HOR-10428,Horizon_Brokers,AMZN,32,307.48,2026-05-10 20:08:11
TRD-HOR-10429,Horizon_Brokers,TSLA,19,110.89,2026-05-11 00:15:09
TRD-HOR-10430,Horizon_Brokers,MSFT,158,261.45,2026-05-10 22:02:48
TRD-HOR-10431,Horizon_Brokers,TSLA,397,215.84,2026-05-11 15:17:35
TRD-HOR-10432,Horizon_Brokers,MSFT,195,117.7,2026-05-10 18:37:29
TRD-HOR-10433,Horizon_Brokers,TSLA,133,249.73,2026-05-11 15:55:07
TRD-HOR-10434,Horizon_Brokers,GOOGL,264,416.58,2026-05-11 16:50:41
TRD-HOR-10435,Horizon_Brokers,MSFT,199,176.7,2026-05-11 16:30:44
TRD-HOR-10436,Horizon_Brokers,AAPL,327,195.29,2026-05-11 10:10:44
TRD-HOR-10437,Horizon_Brokers,AMZN,83,482.58,2026-05-11 14:23:16
TRD-HOR-10438,Horizon_Brokers,MSFT,193,473.04,2026-05-11 14:13:22
TRD-HOR-10439,Horizon_Brokers,TSLA,156,455.12,2026-05-10 19:01:37
TRD-HOR-10440,Horizon_Brokers,GOOGL,158,224.14,2026-05-11 13:00:34
TRD-HOR-10441,Horizon_Brokers,AMZN,169,385.29,2026-05-11 03:36:28
TRD-HOR-10442,Horizon_Brokers,MSFT,421,190.21,2026-05-10 21:47:00
TRD-HOR-10443,Horizon_Brokers,AAPL,359,258.4,2026-05-11 09:04:59
TRD-HOR-10444,Horizon_Brokers,GOOGL,240,335.16,2026-05-11 08:36:17
TRD-HOR-10445,Horizon_Brokers,AMZN,62,288.33,2026-05-10 18:08:39
TRD-HOR-10446,Horizon_Brokers,GOOGL,126,277.42,2026-05-10 23:22:42
TRD-HOR-10447,Horizon_Brokers,GOOGL,220,324.48,2026-05-10 20:13:04
TRD-HOR-10448,Horizon_Brokers,GOOGL,174,156.45,2026-05-11 13:50:20
TRD-HOR-10449,Horizon_Brokers,MSFT,372,200.71,2026-05-11 17:07:01
TRD-HOR-10450,Horizon_Brokers,GOOGL,286,122.37,2026-05-11 11:25:01
TRD-HOR-10451,Horizon_Brokers,GOOGL,464,138.01,2026-05-11 16:04:48
TRD-HOR-10452,Horizon_Brokers,GOOGL,42,145.11,2026-05-10 21:35:48
TRD-HOR-10453,Horizon_Brokers,AAPL,429,464.07,2026-05-10 21:01:14
TRD-HOR-10454,Horizon_Brokers,GOOGL,305,184.54,2026-05-10 17:39:20
TRD-HOR-10455,Horizon_Brokers,MSFT,424,264.16,2026-05-10 23:13:08
TRD-HOR-10456,Horizon_Brokers,AMZN,430,386.33,2026-05-11 10:11:01
TRD-HOR-10457,Horizon_Brokers,AAPL,208,307.46,2026-05-11 08:28:37
TRD-HOR-10458,Horizon_Brokers,AAPL,65,366.91,2026-05-11 12:25:00
TRD-HOR-10459,Horizon_Brokers,AAPL,467,259.79,2026-05-10 19:27:22
TRD-HOR-10460,Horizon_Brokers,MSFT,483,405.18,2026-05-10 20:49:20
TRD-HOR-10461,Horizon_Brokers,AAPL,381,114.96,2026-05-11 01:13:46
TRD-HOR-10462,Horizon_Brokers,AAPL,17,65.11,2026-05-11 00:44:25
TRD-HOR-10463,Horizon_Brokers,AAPL,351,405.46,2026-05-11 13:56:46
TRD-HOR-10464,Horizon_Brokers,GOOGL,43,168.52,2026-05-11 10:39:13
TRD-HOR-10465,Horizon_Brokers,AAPL,438,277.13,2026-05-10 22:32:07
TRD-HOR-10466,Horizon_Brokers,AAPL,96,497.88,2026-05-10 17:35:45
TRD-HOR-10467,Horizon_Brokers,GOOGL,295,294.94,2026-05-11 07:10:57
TRD-HOR-10468,Horizon_Brokers,MSFT,158,-50.0,2026-05-11 16:21:03
TRD-HOR-10469,Horizon_Brokers,TSLA,286,367.91,2026-05-11 11:52:39
TRD-HOR-10470,Horizon_Brokers,AAPL,142,167.95,2026-05-11 12:49:12
TRD-HOR-10471,Horizon_Brokers,GOOGL,415,332.7,2026-05-10 18:24:50
TRD-HOR-10472,Horizon_Brokers,GOOGL,230,63.46,2026-05-10 20:56:54
TRD-HOR-10473,Horizon_Brokers,AAPL,303,269.14,2026-05-11 13:39:54
TRD-HOR-10474,Horizon_Brokers,MSFT,219,275.12,2026-05-11 03:05:37
TRD-HOR-10475,Horizon_Brokers,MSFT,355,59.5,2026-05-11 11:57:12
TRD-HOR-10476,Horizon_Brokers,MSFT,283,272.21,2026-05-11 07:32:44
TRD-HOR-10477,Horizon_Brokers,TSLA,124,262.45,2026-05-10 19:31:32
TRD-HOR-10478,Horizon_Brokers,TSLA,193,347.56,2026-05-11 07:43:48
TRD-HOR-10479,Horizon_Brokers,AAPL,103,126.83,2026-05-11 10:23:45
TRD-HOR-10480,Horizon_Brokers,AMZN,102,132.52,2026-05-11 14:55:17
TRD-HOR-10481,Horizon_Brokers,MSFT,256,206.91,2026-05-11 02:53:33
TRD-HOR-10482,Horizon_Brokers,GOOGL,500,478.31,2026-05-10 21:41:52
TRD-HOR-10483,Horizon_Brokers,MSFT,489,344.92,2026-05-11 06:02:34
TRD-HOR-10484,Horizon_Brokers,GOOGL,277,117.17,2026-05-11 11:58:54
TRD-HOR-10485,Horizon_Brokers,GOOGL,114,399.65,2026-05-11 12:12:30
TRD-HOR-10486,Horizon_Brokers,AMZN,273,405.06,2026-05-11 08:14:16
TRD-HOR-10487,Horizon_Brokers,GOOGL,487,450.42,2026-05-11 05:33:17
TRD-HOR-10488,Horizon_Brokers,GOOGL,358,155.66,2026-05-11 13:11:07
TRD-HOR-10489,Horizon_Brokers,AMZN,41,348.02,2026-05-11 00:01:44
TRD-HOR-10490,Horizon_Brokers,MSFT,403,288.04,2026-05-11 09:04:28
TRD-HOR-10491,Horizon_Brokers,AMZN,320,330.15,2026-05-10 19:24:22
TRD-HOR-10492,Horizon_Brokers,AAPL,329,273.79,2026-05-10 22:01:10
TRD-HOR-10493,Horizon_Brokers,AMZN,435,245.5,2026-05-10 22:25:05
TRD-HOR-10494,Horizon_Brokers,AAPL,448,317.45,2026-05-11 06:38:00
TRD-HOR-10495,Horizon_Brokers,AMZN,467,495.26,2026-05-11 06:54:05
TRD-HOR-10496,Horizon_Brokers,AAPL,467,198.93,2026-05-10 18:16:32
TRD-HOR-10497,Horizon_Brokers,GOOGL,36,251.61,2026-05-10 21:03:46
TRD-HOR-10498,Horizon_Brokers,GOOGL,245,269.67,2026-05-10 18:24:42
TRD-HOR-10499,Horizon_Brokers,AMZN,54,151.46,2026-05-11 00:04:26
TRD-HOR-10500,Horizon_Brokers,GOOGL,157,345.19,2026-05-11 04:35:52
TRD-HOR-10501,Horizon_Brokers,GOOGL,201,212.78,2026-05-11 08:49:26
TRD-HOR-10502,Horizon_Brokers,TSLA,238,298.47,2026-05-10 18:53:40
TRD-HOR-10503,Horizon_Brokers,TSLA,290,352.28,2026-05-11 11:25:36
TRD-HOR-10504,Horizon_Brokers,AMZN,243,357.16,2026-05-10 23:54:23
TRD-HOR-10505,Horizon_Brokers,MSFT,83,460.76,2026-05-11 05:07:45
TRD-HOR-10506,Horizon_Brokers,MSFT,326,149.01,2026-05-11 11:01:26
TRD-HOR-10507,Horizon_Brokers,MSFT,244,58.99,2026-05-11 01:47:30
TRD-HOR-10508,Horizon_Brokers,AMZN,342,340.09,2026-05-11 05:36:03
TRD-HOR-10509,Horizon_Brokers,MSFT,202,457.73,2026-05-11 01:59:54
TRD-HOR-10510,Horizon_Brokers,AAPL,269,290.37,2026-05-11 08:16:13
TRD-HOR-10511,Horizon_Brokers,TSLA,365,379.4,2026-05-11 10:50:54
TRD-HOR-10512,Horizon_Brokers,GOOGL,277,220.2,2026-05-11 16:47:43
TRD-HOR-10513,Horizon_Brokers,AAPL,234,173.01,2026-05-11 16:32:33
TRD-HOR-10514,Horizon_Brokers,TSLA,149,202.64,2026-05-11 00:48:18
TRD-HOR-10515,Horizon_Brokers,AAPL,160,310.93,2026-05-11 10:22:32
TRD-HOR-10516,Horizon_Brokers,AAPL,497,,2026-05-11 17:12:17
TRD-HOR-10517,Horizon_Brokers,GOOGL,262,238.66,2026-05-11 09:42:59
TRD-HOR-10518,Horizon_Brokers,MSFT,214,382.83,2026-05-11 15:24:38
TRD-HOR-10519,Horizon_Brokers,AAPL,199,82.81,2026-05-10 18:43:34
TRD-HOR-10520,Horizon_Brokers,MSFT,44,453.98,2026-05-10 18:44:54
TRD-HOR-10521,Horizon_Brokers,GOOGL,222,199.05,2026-05-10 23:22:57
TRD-HOR-10522,Horizon_Brokers,MSFT,189,,2026-05-11 14:46:41
TRD-HOR-10523,Horizon_Brokers,AMZN,397,157.47,2026-05-11 04:17:00
TRD-HOR-10524,Horizon_Brokers,GOOGL,227,371.67,2026-05-11 15:41:17
TRD-HOR-10525,Horizon_Brokers,GOOGL,158,280.17,2026-05-11 12:38:07
TRD-HOR-10526,Horizon_Brokers,AMZN,414,148.84,2026-05-11 09:54:20
TRD-HOR-10527,Horizon_Brokers,TSLA,164,468.87,2026-05-11 09:33:48
TRD-HOR-10528,Horizon_Brokers,GOOGL,31,387.48,2026-05-11 09:30:45
TRD-HOR-10529,Horizon_Brokers,TSLA,178,331.04,2026-05-11 00:55:19
TRD-HOR-10530,Horizon_Brokers,TSLA,135,468.56,2026-05-11 14:44:18
TRD-HOR-10531,Horizon_Brokers,AAPL,223,162.04,2026-05-11 04:59:12
TRD-HOR-10532,Horizon_Brokers,AAPL,239,316.31,2026-05-11 10:58:58
TRD-HOR-10533,Horizon_Brokers,AMZN,19,298.1,2026-05-11 14:30:07
TRD-HOR-10534,Horizon_Brokers,AAPL,98,191.56,2026-05-11 00:59:00
TRD-HOR-10535,Horizon_Brokers,TSLA,432,340.04,2026-05-11 11:40:32
TRD-HOR-10536,Horizon_Brokers,TSLA,264,138.3,2026-05-11 15:49:10
TRD-HOR-10537,Horizon_Brokers,MSFT,154,453.74,2026-05-10 18:25:38
TRD-HOR-10538,Horizon_Brokers,MSFT,459,999999.99,2026-05-11 00:09:40
TRD-HOR-10539,Horizon_Brokers,TSLA,118,371.46,2026-05-10 23:32:20
TRD-HOR-10540,Horizon_Brokers,MSFT,216,490.09,2026-05-11 05:21:37
TRD-HOR-10541,Horizon_Brokers,GOOGL,192,158.08,2026-05-10 20:39:51
TRD-HOR-10542,Horizon_Brokers,TSLA,254,76.07,2026-05-11 00:00:14
TRD-HOR-10543,Horizon_Brokers,AMZN,224,479.0,2026-05-11 07:16:45
TRD-HOR-10544,Horizon_Brokers,GOOGL,368,-50.0,2026-05-10 17:48:32
TRD-HOR-10545,Horizon_Brokers,GOOGL,190,344.23,2026-05-10 19:23:06
TRD-HOR-10546,Horizon_Brokers,TSLA,250,158.7,2026-05-11 05:53:46
TRD-HOR-10547,Horizon_Brokers,AMZN,450,490.17,2026-05-11 09:34:23
TRD-HOR-10548,Horizon_Brokers,AAPL,117,499.13,2026-05-11 04:13:35
TRD-HOR-10549,Horizon_Brokers,AMZN,73,450.53,2026-05-11 03:10:51
TRD-HOR-10550,Horizon_Brokers,MSFT,298,227.17,2026-05-11 12:10:07
TRD-HOR-10551,Horizon_Brokers,TSLA,99,118.75,2026-05-11 08:49:26
TRD-HOR-10552,Horizon_Brokers,AMZN,347,145.0,2026-05-11 11:02:57
TRD-HOR-10553,Horizon_Brokers,AAPL,429,173.44,2026-05-10 21:08:04
TRD-HOR-10554,Horizon_Brokers,GOOGL,17,321.83,2026-05-10 23:32:21
TRD-HOR-10555,Horizon_Brokers,TSLA,307,86.19,2026-05-11 16:39:27
TRD-HOR-10556,Horizon_Brokers,GOOGL,456,402.99,2026-05-11 00:38:18
TRD-HOR-10557,Horizon_Brokers,AAPL,206,375.45,2026-05-11 03:27:14
TRD-HOR-10558,Horizon_Brokers,AAPL,420,248.73,2026-05-11 16:27:36
TRD-HOR-10559,Horizon_Brokers,MSFT,64,106.14,2026-05-11 16:55:03
TRD-HOR-10560,Horizon_Brokers,AMZN,194,487.87,2026-05-11 09:11:53
TRD-HOR-10561,Horizon_Brokers,TSLA,460,348.71,2026-05-11 13:30:16
TRD-HOR-10562,Horizon_Brokers,AMZN,314,139.31,2026-05-11 05:50:25
TRD-HOR-10563,Horizon_Brokers,AMZN,393,399.83,2026-05-10 23:57:27
TRD-HOR-10564,Horizon_Brokers,TSLA,123,399.52,2026-05-11 17:07:11
TRD-HOR-10565,Horizon_Brokers,TSLA,272,322.31,2026-05-10 19:36:29
TRD-HOR-10566,Horizon_Brokers,GOOGL,16,436.32,2026-05-10 22:06:42
TRD-HOR-10567,Horizon_Brokers,AAPL,345,266.66,2026-05-10 21:21:46
TRD-HOR-10568,Horizon_Brokers,AMZN,286,274.29,2026-05-11 07:55:04
TRD-HOR-10569,Horizon_Brokers,TSLA,142,193.69,2026-05-11 15:00:53
TRD-HOR-10570,Horizon_Brokers,GOOGL,458,257.96,2026-05-11 00:20:04
TRD-HOR-10571,Horizon_Brokers,GOOGL,135,439.06,2026-05-11 04:00:15
TRD-HOR-10572,Horizon_Brokers,GOOGL,370,244.31,2026-05-11 10:00:00
TRD-HOR-10573,Horizon_Brokers,TSLA,99,378.03,2026-05-10 17:27:31
TRD-HOR-10574,Horizon_Brokers,MSFT,167,352.48,2026-05-10 21:39:45
TRD-HOR-10575,Horizon_Brokers,MSFT,119,177.14,2026-05-10 23:17:34
TRD-HOR-10576,Horizon_Brokers,TSLA,444,427.73,2026-05-11 02:57:42
TRD-HOR-10577,Horizon_Brokers,GOOGL,300,343.57,2026-05-11 12:54:22
TRD-HOR-10578,Horizon_Brokers,GOOGL,490,93.2,2026-05-11 14:27:23
TRD-HOR-10579,Horizon_Brokers,AMZN,248,376.13,2026-05-11 00:53:53
TRD-HOR-10580,Horizon_Brokers,AAPL,145,335.55,2026-05-11 12:52:37
TRD-HOR-10581,Horizon_Brokers,AMZN,304,134.89,2026-05-11 04:46:13
TRD-HOR-10582,Horizon_Brokers,MSFT,497,337.26,2026-05-11 03:53:40
TRD-HOR-10583,Horizon_Brokers,AAPL,426,253.58,2026-05-11 04:49:23
TRD-HOR-10584,Horizon_Brokers,GOOGL,314,408.02,2026-05-11 00:29:12
TRD-HOR-10585,Horizon_Brokers,AMZN,297,195.78,2026-05-10 20:56:05
TRD-HOR-10586,Horizon_Brokers,AMZN,458,105.21,2026-05-11 02:18:19
TRD-HOR-10587,Horizon_Brokers,GOOGL,147,85.15,2026-05-10 19:51:17
TRD-HOR-10588,Horizon_Brokers,AAPL,149,156.13,2026-05-11 10:09:33
TRD-HOR-10589,Horizon_Brokers,TSLA,366,401.47,2026-05-10 20:07:19
TRD-HOR-10590,Horizon_Brokers,AMZN,79,193.63,2026-05-11 02:32:07
TRD-HOR-10591,Horizon_Brokers,AMZN,81,113.41,2026-05-11 00:02:36
TRD-HOR-10592,Horizon_Brokers,GOOGL,410,494.7,2026-05-10 18:08:05
TRD-HOR-10593,Horizon_Brokers,AAPL,332,385.91,2026-05-11 00:04:43
TRD-HOR-10594,Horizon_Brokers,AAPL,400,90.11,2026-05-11 08:30:10
TRD-HOR-10595,Horizon_Brokers,MSFT,243,237.78,2026-05-11 02:17:04
TRD-HOR-10596,Horizon_Brokers,GOOGL,242,330.16,2026-05-10 19:07:14
TRD-HOR-10597,Horizon_Brokers,TSLA,304,266.73,2026-05-11 00:33:52
TRD-HOR-10598,Horizon_Brokers,TSLA,212,294.01,2026-05-11 13:01:59
TRD-HOR-10599,Horizon_Brokers,AAPL,317,358.33,2026-05-11 13:49:56
TRD-HOR-10600,Horizon_Brokers,TSLA,215,65.75,2026-05-11 07:51:09
TRD-HOR-10601,Horizon_Brokers,TSLA,157,141.47,2026-05-10 19:00:59
TRD-HOR-10602,Horizon_Brokers,AMZN,484,57.95,2026-05-11 16:40:33
TRD-HOR-10603,Horizon_Brokers,MSFT,128,148.98,2026-05-11 09:33:17
TRD-HOR-10604,Horizon_Brokers,GOOGL,319,86.67,2026-05-11 01:42:17
TRD-HOR-10605,Horizon_Brokers,AMZN,398,263.19,2026-05-10 19:04:48
TRD-HOR-10606,Horizon_Brokers,AAPL,184,326.01,2026-05-10 20:35:11
TRD-HOR-10607,Horizon_Brokers,TSLA,12,120.42,2026-05-10 20:54:21
TRD-HOR-10608,Horizon_Brokers,AAPL,343,496.27,2026-05-10 18:31:10
TRD-HOR-10609,Horizon_Brokers,AMZN,342,89.74,2026-05-11 04:30:38
TRD-HOR-10610,Horizon_Brokers,GOOGL,111,83.32,2026-05-11 04:52:49
TRD-HOR-10611,Horizon_Brokers,MSFT,141,,2026-05-11 17:12:17
TRD-HOR-10612,Horizon_Brokers,GOOGL,203,332.39,2026-05-10 19:34:44
TRD-HOR-10613,Horizon_Brokers,TSLA,458,54.0,2026-05-11 16:15:12
TRD-HOR-10614,Horizon_Brokers,AAPL,34,425.54,2026-05-10 20:38:08
TRD-HOR-10615,Horizon_Brokers,MSFT,30,197.52,2026-05-11 01:29:57
TRD-HOR-10616,Horizon_Brokers,AAPL,22,116.75,2026-05-11 12:20:14
TRD-HOR-10617,Horizon_Brokers,TSLA,284,397.49,2026-05-11 15:58:41
TRD-HOR-10618,Horizon_Brokers,GOOGL,127,83.32,2026-05-10 18:58:26
TRD-HOR-10619,Horizon_Brokers,TSLA,466,463.95,2026-05-11 07:28:49
TRD-HOR-10620,Horizon_Brokers,GOOGL,385,387.74,2026-05-11 04:55:43
TRD-HOR-10621,Horizon_Brokers,MSFT,232,498.54,2026-05-11 15:00:09
TRD-HOR-10622,Horizon_Brokers,AAPL,269,244.71,2026-05-11 15:56:53
TRD-HOR-10623,Horizon_Brokers,TSLA,158,217.8,2026-05-11 05:50:51
TRD-HOR-10624,Horizon_Brokers,GOOGL,40,124.32,2026-05-10 20:13:04
TRD-HOR-10625,Horizon_Brokers,GOOGL,122,194.12,2026-05-11 07:17:17
TRD-HOR-10626,Horizon_Brokers,MSFT,114,253.25,2026-05-10 23:27:35
TRD-HOR-10627,Horizon_Brokers,TSLA,417,276.94,2026-05-11 12:37:53
TRD-HOR-10628,Horizon_Brokers,AAPL,32,410.61,2026-05-11 16:00:18
TRD-HOR-10629,Horizon_Brokers,GOOGL,116,148.55,2026-05-10 22:01:22
TRD-HOR-10630,Horizon_Brokers,TSLA,359,77.18,2026-05-11 00:48:57
TRD-HOR-10631,Horizon_Brokers,AAPL,90,247.56,2026-05-10 19:58:32
TRD-HOR-10632,Horizon_Brokers,TSLA,145,268.53,2026-05-11 06:07:50
TRD-HOR-10633,Horizon_Brokers,TSLA,354,128.18,2026-05-10 17:29:18
TRD-HOR-10634,Horizon_Brokers,MSFT,144,466.26,2026-05-11 03:00:48
TRD-HOR-10635,Horizon_Brokers,MSFT,346,206.34,2026-05-10 23:31:09
TRD-HOR-10636,Horizon_Brokers,GOOGL,58,482.45,2026-05-11 10:50:38
TRD-HOR-10637,Horizon_Brokers,TSLA,92,261.19,2026-05-11 01:38:41
TRD-HOR-10638,Horizon_Brokers,GOOGL,154,360.06,2026-05-11 16:28:24
TRD-HOR-10639,Horizon_Brokers,MSFT,387,253.44,2026-05-10 22:30:47
TRD-HOR-10640,Horizon_Brokers,TSLA,107,185.01,2026-05-11 09:49:48
TRD-HOR-10641,Horizon_Brokers,TSLA,142,255.95,2026-05-11 03:57:30
TRD-HOR-10642,Horizon_Brokers,AMZN,174,122.09,2026-05-10 17:37:07
TRD-HOR-10643,Horizon_Brokers,GOOGL,202,498.73,2026-05-11 10:21:21
TRD-HOR-10644,Horizon_Brokers,AMZN,311,-50.0,2026-05-11 14:50:23
TRD-HOR-10645,Horizon_Brokers,AMZN,72,349.34,2026-05-11 07:56:22
TRD-HOR-10646,Horizon_Brokers,GOOGL,213,299.17,2026-05-11 05:42:33
TRD-HOR-10647,Horizon_Brokers,TSLA,255,362.23,2026-05-11 00:34:57
TRD-HOR-10648,Horizon_Brokers,GOOGL,134,330.04,2026-05-11 14:11:11
TRD-HOR-10649,Horizon_Brokers,GOOGL,157,69.69,2026-05-11 07:04:01
TRD-HOR-10650,Horizon_Brokers,TSLA,236,134.97,2026-05-11 12:37:11
TRD-HOR-10651,Horizon_Brokers,AMZN,232,375.55,2026-05-11 00:11:07
TRD-HOR-10652,Horizon_Brokers,AAPL,493,492.89,2026-05-10 17:34:12
TRD-HOR-10653,Horizon_Brokers,GOOGL,33,312.45,2026-05-11 12:58:12
TRD-HOR-10654,Horizon_Brokers,MSFT,374,439.45,2026-05-11 07:29:07
TRD-HOR-10655,Horizon_Brokers,AAPL,144,96.12,2026-05-11 01:25:47
TRD-HOR-10656,Horizon_Brokers,AMZN,227,156.6,2026-05-10 21:46:00
TRD-HOR-10657,Horizon_Brokers,MSFT,426,134.81,2026-05-11 02:54:11
TRD-HOR-10658,Horizon_Brokers,TSLA,121,266.18,2026-05-10 18:22:10
TRD-HOR-10659,Horizon_Brokers,TSLA,463,114.53,2026-05-11 12:55:29
TRD-HOR-10660,Horizon_Brokers,TSLA,160,392.08,2026-05-11 17:17:15
TRD-HOR-10661,Horizon_Brokers,TSLA,226,181.28,2026-05-11 16:38:08
TRD-HOR-10662,Horizon_Brokers,TSLA,47,99.3,2026-05-10 22:38:30
TRD-HOR-10663,Horizon_Brokers,MSFT,371,330.88,2026-05-11 05:00:54
TRD-HOR-10664,Horizon_Brokers,GOOGL,178,151.74,2026-05-11 07:35:53
TRD-HOR-10665,Horizon_Brokers,GOOGL,404,379.26,2026-05-11 14:37:54
TRD-HOR-10666,Horizon_Brokers,TSLA,347,259.21,2026-05-10 20:45:49
TRD-HOR-10667,Horizon_Brokers,MSFT,293,310.58,2026-05-11 16:43:10
TRD-HOR-10668,Horizon_Brokers,GOOGL,302,255.63,2026-05-11 07:47:13
TRD-HOR-10669,Horizon_Brokers,AAPL,339,106.2,2026-05-11 08:51:12
TRD-HOR-10670,Horizon_Brokers,AAPL,484,240.46,2026-05-11 02:51:43
TRD-HOR-10671,Horizon_Brokers,GOOGL,318,100.5,2026-05-11 12:40:02
TRD-HOR-10672,Horizon_Brokers,TSLA,427,72.05,2026-05-11 09:45:40
TRD-HOR-10673,Horizon_Brokers,AAPL,208,339.96,2026-05-11 10:12:01
TRD-HOR-10674,Horizon_Brokers,TSLA,415,185.46,2026-05-11 01:00:11
TRD-HOR-10675,Horizon_Brokers,TSLA,226,352.98,2026-05-11 05:06:37
TRD-HOR-10676,Horizon_Brokers,GOOGL,351,357.79,2026-05-11 03:44:11
TRD-HOR-10677,Horizon_Brokers,AMZN,98,110.11,2026-05-10 22:59:52
TRD-HOR-10678,Horizon_Brokers,AAPL,303,100.37,2026-05-11 07:12:58
TRD-HOR-10679,Horizon_Brokers,GOOGL,406,334.05,2026-05-11 17:10:32
TRD-HOR-10680,Horizon_Brokers,GOOGL,25,,2026-05-11 02:16:59
TRD-HOR-10681,Horizon_Brokers,AAPL,70,,2026-05-11 02:22:29
TRD-HOR-10682,Horizon_Brokers,TSLA,491,415.35,2026-05-10 23:11:18
TRD-HOR-10683,Horizon_Brokers,MSFT,333,124.41,2026-05-11 09:06:04
TRD-HOR-10684,Horizon_Brokers,TSLA,220,73.08,2026-05-11 17:09:49
TRD-HOR-10685,Horizon_Brokers,MSFT,476,474.86,2026-05-11 16:44:06
TRD-HOR-10686,Horizon_Brokers,AAPL,127,,2026-05-11 09:01:54
TRD-HOR-10687,Horizon_Brokers,MSFT,59,401.08,2026-05-11 10:52:06
TRD-HOR-10688,Horizon_Brokers,GOOGL,331,144.57,2026-05-10 20:43:09
TRD-HOR-10689,Horizon_Brokers,MSFT,494,212.13,2026-05-10 17:51:07
TRD-HOR-10690,Horizon_Brokers,TSLA,138,393.6,2026-05-11 02:24:36
TRD-HOR-10691,Horizon_Brokers,AAPL,115,227.89,2026-05-11 12:05:28
TRD-HOR-10692,Horizon_Brokers,TSLA,11,432.25,2026-05-10 23:04:31
TRD-HOR-10693,Horizon_Brokers,GOOGL,128,286.9,2026-05-10 22:58:29
TRD-HOR-10694,Horizon_Brokers,AMZN,47,222.48,2026-05-10 17:51:37
TRD-HOR-10695,Horizon_Brokers,AMZN,351,415.06,2026-05-10 21:13:25
TRD-HOR-10696,Horizon_Brokers,MSFT,65,142.34,2026-05-11 02:53:55
TRD-HOR-10697,Horizon_Brokers,MSFT,271,207.02,2026-05-11 02:26:05
TRD-HOR-10698,Horizon_Brokers,AAPL,120,304.68,2026-05-11 06:41:39
TRD-HOR-10699,Horizon_Brokers,TSLA,482,358.38,2026-05-11 12:20:47
TRD-HOR-10700,Horizon_Brokers,AAPL,62,176.49,2026-05-10 23:19:41
TRD-HOR-10701,Horizon_Brokers,MSFT,166,229.51,2026-05-11 05:55:39
TRD-HOR-10702,Horizon_Brokers,TSLA,358,196.22,2026-05-11 14:20:37
TRD-HOR-10703,Horizon_Brokers,GOOGL,238,341.39,2026-05-11 04:00:01
TRD-HOR-10704,Horizon_Brokers,AAPL,360,244.85,2026-05-11 15:04:37
TRD-HOR-10705,Horizon_Brokers,TSLA,280,106.89,2026-05-11 04:16:47
TRD-HOR-10706,Horizon_Brokers,TSLA,305,425.54,2026-05-10 22:35:02
TRD-HOR-10707,Horizon_Brokers,MSFT,174,233.98,2026-05-10 19:29:44
TRD-HOR-10708,Horizon_Brokers,MSFT,344,205.73,2026-05-11 04:03:40
TRD-HOR-10709,Horizon_Brokers,MSFT,141,298.8,2026-05-11 09:18:58
TRD-HOR-10710,Horizon_Brokers,TSLA,463,454.64,2026-05-11 10:06:32
TRD-HOR-10711,Horizon_Brokers,AMZN,498,325.5,2026-05-10 20:29:33
TRD-HOR-10712,Horizon_Brokers,AAPL,133,100.22,2026-05-11 04:08:37
TRD-HOR-10713,Horizon_Brokers,TSLA,89,336.78,2026-05-10 22:02:09
TRD-HOR-10714,Horizon_Brokers,AMZN,164,,2026-05-11 05:31:05
TRD-HOR-10715,Horizon_Brokers,GOOGL,13,441.7,2026-05-11 08:24:02
TRD-HOR-10716,Horizon_Brokers,AMZN,306,482.63,2026-05-11 03:19:30
TRD-HOR-10717,Horizon_Brokers,AAPL,219,254.93,2026-05-11 11:03:27
TRD-HOR-10718,Horizon_Brokers,MSFT,208,137.14,2026-05-11 09:37:24
TRD-HOR-10719,Horizon_Brokers,TSLA,33,491.85,2026-05-11 09:24:43
TRD-HOR-10720,Horizon_Brokers,MSFT,366,116.44,2026-05-11 09:32:31
TRD-HOR-10721,Horizon_Brokers,MSFT,249,166.03,2026-05-11 12:04:01
TRD-HOR-10722,Horizon_Brokers,MSFT,190,273.69,2026-05-10 23:32:24
TRD-HOR-10723,Horizon_Brokers,TSLA,72,50.47,2026-05-11 11:03:13
TRD-HOR-10724,Horizon_Brokers,TSLA,273,185.55,2026-05-11 04:30:59
TRD-HOR-10725,Horizon_Brokers,GOOGL,497,456.59,2026-05-11 03:09:08
TRD-HOR-10726,Horizon_Brokers,AMZN,351,290.22,2026-05-11 02:17:04
TRD-HOR-10727,Horizon_Brokers,TSLA,454,452.45,2026-05-10 22:37:14
TRD-HOR-10728,Horizon_Brokers,MSFT,195,67.2,2026-05-11 03:33:58
TRD-HOR-10729,Horizon_Brokers,MSFT,139,78.19,2026-05-10 20:01:07
TRD-HOR-10730,Horizon_Brokers,AMZN,471,363.2,2026-05-11 02:58:56
TRD-HOR-10731,Horizon_Brokers,GOOGL,412,116.34,2026-05-11 11:57:04
TRD-HOR-10732,Horizon_Brokers,GOOGL,108,72.75,2026-05-11 00:11:25
TRD-HOR-10733,Horizon_Brokers,AAPL,104,78.1,2026-05-10 20:42:37
TRD-HOR-10734,Horizon_Brokers,AMZN,115,159.35,2026-05-11 08:29:30
TRD-HOR-10735,Horizon_Brokers,AMZN,366,347.33,2026-05-11 07:54:08
TRD-HOR-10736,Horizon_Brokers,AAPL,217,63.54,2026-05-11 06:59:58
TRD-HOR-10737,Horizon_Brokers,AAPL,100,165.7,2026-05-11 16:58:25
TRD-HOR-10738,Horizon_Brokers,AAPL,211,419.29,2026-05-10 18:00:36
TRD-HOR-10739,Horizon_Brokers,AAPL,349,403.25,2026-05-11 10:06:59
TRD-HOR-10740,Horizon_Brokers,TSLA,495,448.7,2026-05-11 03:05:41
TRD-HOR-10741,Horizon_Brokers,MSFT,40,240.98,2026-05-11 15:53:11
TRD-HOR-10742,Horizon_Brokers,AMZN,182,232.34,2026-05-11 13:00:21
TRD-HOR-10743,Horizon_Brokers,AMZN,389,87.68,2026-05-11 01:21:59
TRD-HOR-10744,Horizon_Brokers,GOOGL,158,220.22,2026-05-11 04:04:26
TRD-HOR-10745,Horizon_Brokers,TSLA,267,167.68,2026-05-11 12:24:32
TRD-HOR-10746,Horizon_Brokers,GOOGL,419,137.62,2026-05-11 14:37:27
TRD-HOR-10747,Horizon_Brokers,TSLA,432,157.9,2026-05-11 00:11:07
TRD-HOR-10748,Horizon_Brokers,TSLA,347,399.18,2026-05-11 11:33:21
TRD-HOR-10749,Horizon_Brokers,AMZN,434,338.49,2026-05-10 17:55:30
TRD-HOR-10750,Horizon_Brokers,AAPL,419,282.17,2026-05-11 06:27:46
TRD-HOR-10751,Horizon_Brokers,GOOGL,176,359.66,2026-05-11 01:28:48
TRD-HOR-10752,Horizon_Brokers,AAPL,333,258.24,2026-05-11 03:57:16
TRD-HOR-10753,Horizon_Brokers,GOOGL,31,299.16,2026-05-10 21:39:58
TRD-HOR-10754,Horizon_Brokers,AAPL,158,236.24,2026-05-11 13:20:32
TRD-HOR-10755,Horizon_Brokers,MSFT,176,150.04,2026-05-11 03:43:39
TRD-HOR-10756,Horizon_Brokers,MSFT,99,272.86,2026-05-11 16:34:01
TRD-HOR-10757,Horizon_Brokers,AMZN,440,296.59,2026-05-10 20:11:40
TRD-HOR-10758,Horizon_Brokers,AMZN,468,97.62,2026-05-11 05:25:07
TRD-HOR-10759,Horizon_Brokers,AAPL,234,182.76,2026-05-11 07:23:31
TRD-HOR-10760,Horizon_Brokers,AMZN,269,215.68,2026-05-11 02:25:10
TRD-HOR-10761,Horizon_Brokers,TSLA,454,430.24,2026-05-11 02:00:13
TRD-HOR-10762,Horizon_Brokers,TSLA,98,250.57,2026-05-11 08:08:19
TRD-HOR-10763,Horizon_Brokers,GOOGL,69,,2026-05-11 12:29:26
TRD-HOR-10764,Horizon_Brokers,AMZN,69,152.97,2026-05-10 22:37:06
TRD-HOR-10765,Horizon_Brokers,AAPL,69,53.89,2026-05-11 15:18:43
TRD-HOR-10766,Horizon_Brokers,TSLA,239,198.43,2026-05-10 19:20:13
TRD-HOR-10767,Horizon_Brokers,GOOGL,116,55.56,2026-05-11 05:32:22
TRD-HOR-10768,Horizon_Brokers,AMZN,94,368.82,2026-05-11 04:54:58
TRD-HOR-10769,Horizon_Brokers,MSFT,213,462.61,2026-05-11 11:02:40
TRD-HOR-10770,Horizon_Brokers,AMZN,161,,2026-05-11 00:08:21
TRD-HOR-10771,Horizon_Brokers,GOOGL,61,339.84,2026-05-11 00:40:48
TRD-HOR-10772,Horizon_Brokers,TSLA,22,406.68,2026-05-11 01:11:43
TRD-HOR-10773,Horizon_Brokers,AMZN,419,284.65,2026-05-11 05:00:17
TRD-HOR-10774,Horizon_Brokers,MSFT,272,77.89,2026-05-11 06:45:19
TRD-HOR-10775,Horizon_Brokers,AAPL,297,107.39,2026-05-11 10:53:45
TRD-HOR-10776,Horizon_Brokers,AAPL,86,163.57,2026-05-11 01:59:11
TRD-HOR-10777,Horizon_Brokers,AAPL,161,491.82,2026-05-10 20:07:36
TRD-HOR-10778,Horizon_Brokers,TSLA,122,176.62,2026-05-11 01:12:33
TRD-HOR-10779,Horizon_Brokers,AMZN,93,308.65,2026-05-11 07:05:59
TRD-HOR-10780,Horizon_Brokers,MSFT,244,453.25,2026-05-11 05:01:16
TRD-HOR-10781,Horizon_Brokers,TSLA,302,376.66,2026-05-11 01:06:42
TRD-HOR-10782,Horizon_Brokers,MSFT,199,197.11,2026-05-10 23:34:32
TRD-HOR-10783,Horizon_Brokers,AMZN,444,230.94,2026-05-11 13:15:02
TRD-HOR-10784,Horizon_Brokers,AAPL,73,355.33,2026-05-11 10:51:57
TRD-HOR-10785,Horizon_Brokers,TSLA,263,390.21,2026-05-10 21:46:02
TRD-HOR-10786,Horizon_Brokers,GOOGL,184,233.36,2026-05-11 01:45:26
TRD-HOR-10787,Horizon_Brokers,MSFT,192,435.95,2026-05-11 06:08:36
TRD-HOR-10788,Horizon_Brokers,AMZN,422,281.52,2026-05-11 14:33:57
TRD-HOR-10789,Horizon_Brokers,MSFT,98,105.56,2026-05-11 01:36:44
TRD-HOR-10790,Horizon_Brokers,AAPL,319,337.07,2026-05-11 03:04:26
TRD-HOR-10791,Horizon_Brokers,GOOGL,122,274.88,2026-05-10 23:09:47
TRD-HOR-10792,Horizon_Brokers,AAPL,83,249.13,2026-05-11 10:48:30
TRD-HOR-10793,Horizon_Brokers,GOOGL,92,425.74,2026-05-10 20:23:02
TRD-HOR-10794,Horizon_Brokers,AAPL,488,173.99,2026-05-11 14:17:16
TRD-HOR-10795,Horizon_Brokers,MSFT,333,276.97,2026-05-11 10:58:01
TRD-HOR-10796,Horizon_Brokers,AAPL,425,-50.0,2026-05-10 19:29:28
TRD-HOR-10797,Horizon_Brokers,TSLA,344,473.86,2026-05-11 11:05:20
TRD-HOR-10798,Horizon_Brokers,AAPL,345,383.07,2026-05-11 05:05:05
TRD-HOR-10799,Horizon_Brokers,MSFT,323,257.16,2026-05-11 08:20:48
TRD-HOR-10800,Horizon_Brokers,GOOGL,250,354.53,2026-05-11 02:33:45
TRD-HOR-10801,Horizon_Brokers,AAPL,304,274.06,2026-05-11 08:39:28
TRD-HOR-10802,Horizon_Brokers,AAPL,273,251.09,2026-05-10 18:24:04
TRD-HOR-10803,Horizon_Brokers,AAPL,41,58.77,2026-05-10 18:19:19
TRD-HOR-10804,Horizon_Brokers,AAPL,271,288.04,2026-05-11 07:44:47
TRD-HOR-10805,Horizon_Brokers,GOOGL,365,369.22,2026-05-10 23:47:44
TRD-HOR-10806,Horizon_Brokers,MSFT,430,256.27,2026-05-11 07:37:24
TRD-HOR-10807,Horizon_Brokers,MSFT,213,289.34,2026-05-11 12:42:45
TRD-HOR-10808,Horizon_Brokers,AAPL,23,86.97,2026-05-11 12:09:22
TRD-HOR-10809,Horizon_Brokers,AMZN,231,313.94,2026-05-11 04:03:16
TRD-HOR-10810,Horizon_Brokers,AMZN,222,235.39,2026-05-11 13:59:25
TRD-HOR-10811,Horizon_Brokers,AAPL,284,131.65,2026-05-11 06:38:10
TRD-HOR-10812,Horizon_Brokers,TSLA,247,304.25,2026-05-11 04:09:58
TRD-HOR-10813,Horizon_Brokers,GOOGL,242,,2026-05-11 11:16:22
TRD-HOR-10814,Horizon_Brokers,AMZN,32,282.84,2026-05-11 05:25:16
TRD-HOR-10815,Horizon_Brokers,GOOGL,148,351.17,2026-05-11 01:53:34
TRD-HOR-10816,Horizon_Brokers,AMZN,230,149.41,2026-05-11 01:40:11
TRD-HOR-10817,Horizon_Brokers,AMZN,93,420.5,2026-05-10 18:02:58
TRD-HOR-10818,Horizon_Brokers,MSFT,58,105.46,2026-05-10 18:36:29
TRD-HOR-10819,Horizon_Brokers,MSFT,278,280.88,2026-05-11 16:03:22
TRD-HOR-10820,Horizon_Brokers,TSLA,21,252.15,2026-05-11 00:41:41
TRD-HOR-10821,Horizon_Brokers,TSLA,219,153.86,2026-05-11 10:28:50
TRD-HOR-10822,Horizon_Brokers,TSLA,264,172.75,2026-05-11 02:55:52
TRD-HOR-10823,Horizon_Brokers,GOOGL,382,211.28,2026-05-11 03:17:26
TRD-HOR-10824,Horizon_Brokers,AMZN,476,211.47,2026-05-10 23:03:44
TRD-HOR-10825,Horizon_Brokers,GOOGL,386,270.69,2026-05-10 19:43:48
TRD-HOR-10826,Horizon_Brokers,GOOGL,292,125.84,2026-05-11 15:38:55
TRD-HOR-10827,Horizon_Brokers,TSLA,54,359.05,2026-05-11 13:25:45
TRD-HOR-10828,Horizon_Brokers,MSFT,108,76.64,2026-05-11 06:06:51
TRD-HOR-10829,Horizon_Brokers,MSFT,90,352.65,2026-05-10 23:27:29
TRD-HOR-10830,Horizon_Brokers,GOOGL,94,229.06,2026-05-10 21:49:35
TRD-HOR-10831,Horizon_Brokers,TSLA,40,451.04,2026-05-10 17:52:09
TRD-HOR-10832,Horizon_Brokers,AMZN,374,494.95,2026-05-11 08:56:03
TRD-HOR-10833,Horizon_Brokers,AAPL,380,456.62,2026-05-11 15:40:33
TRD-HOR-10834,Horizon_Brokers,TSLA,252,62.11,2026-05-11 15:51:37
TRD-HOR-10835,Horizon_Brokers,AMZN,277,208.18,2026-05-10 19:51:41
TRD-HOR-10836,Horizon_Brokers,GOOGL,114,458.97,2026-05-11 04:06:25
TRD-HOR-10837,Horizon_Brokers,AMZN,20,468.4,2026-05-10 20:37:46
TRD-HOR-10838,Horizon_Brokers,MSFT,333,359.36,2026-05-11 08:52:37
TRD-HOR-10839,Horizon_Brokers,TSLA,401,241.99,2026-05-10 19:10:45
TRD-HOR-10840,Horizon_Brokers,GOOGL,46,489.28,2026-05-10 20:54:04
TRD-HOR-10841,Horizon_Brokers,AMZN,175,487.73,2026-05-10 17:38:19
TRD-HOR-10842,Horizon_Brokers,AAPL,481,374.51,2026-05-11 00:48:48
TRD-HOR-10843,Horizon_Brokers,AAPL,62,61.09,2026-05-11 16:47:43
TRD-HOR-10844,Horizon_Brokers,AMZN,193,166.12,2026-05-11 13:32:57
TRD-HOR-10845,Horizon_Brokers,AMZN,210,448.99,2026-05-11 03:56:06
TRD-HOR-10846,Horizon_Brokers,AAPL,225,305.23,2026-05-11 07:24:10
TRD-HOR-10847,Horizon_Brokers,AMZN,375,56.48,2026-05-11 02:54:03
TRD-HOR-10848,Horizon_Brokers,AAPL,367,124.62,2026-05-11 03:28:36
TRD-HOR-10849,Horizon_Brokers,MSFT,284,460.27,2026-05-10 18:04:45
TRD-HOR-10850,Horizon_Brokers,AMZN,317,,2026-05-11 07:24:07
TRD-HOR-10851,Horizon_Brokers,AMZN,57,297.51,2026-05-11 09:15:41
TRD-HOR-10852,Horizon_Brokers,GOOGL,201,353.18,2026-05-10 21:45:40
TRD-HOR-10853,Horizon_Brokers,GOOGL,175,58.07,2026-05-11 00:37:16
TRD-HOR-10854,Horizon_Brokers,AMZN,101,319.48,2026-05-11 01:28:59
TRD-HOR-10855,Horizon_Brokers,MSFT,122,302.97,2026-05-11 06:40:29
TRD-HOR-10856,Horizon_Brokers,GOOGL,271,83.65,2026-05-11 09:12:36
TRD-HOR-10857,Horizon_Brokers,AMZN,201,144.3,2026-05-10 22:38:35
TRD-HOR-10858,Horizon_Brokers,GOOGL,249,359.55,2026-05-11 04:36:34
TRD-HOR-10859,Horizon_Brokers,TSLA,302,999999.99,2026-05-10 23:45:49
TRD-HOR-10860,Horizon_Brokers,GOOGL,324,360.5,2026-05-11 05:31:44
TRD-HOR-10861,Horizon_Brokers,MSFT,129,245.37,2026-05-11 00:35:27
TRD-HOR-10862,Horizon_Brokers,GOOGL,196,186.21,2026-05-10 18:42:00
TRD-HOR-10863,Horizon_Brokers,TSLA,369,480.42,2026-05-11 03:32:27
TRD-HOR-10864,Horizon_Brokers,TSLA,389,99.13,2026-05-11 02:40:09
TRD-HOR-10865,Horizon_Brokers,AAPL,193,198.51,2026-05-10 17:51:44
TRD-HOR-10866,Horizon_Brokers,MSFT,433,119.34,2026-05-11 09:33:12
TRD-HOR-10867,Horizon_Brokers,TSLA,381,274.91,2026-05-11 03:36:08
TRD-HOR-10868,Horizon_Brokers,MSFT,175,310.0,2026-05-11 11:50:26
TRD-HOR-10869,Horizon_Brokers,MSFT,461,229.13,2026-05-11 06:33:42
TRD-HOR-10870,Horizon_Brokers,AMZN,112,261.34,2026-05-11 09:33:30
TRD-HOR-10871,Horizon_Brokers,AAPL,148,235.95,2026-05-10 18:46:31
TRD-HOR-10872,Horizon_Brokers,AAPL,132,75.42,2026-05-10 20:31:43
TRD-HOR-10873,Horizon_Brokers,MSFT,193,55.35,2026-05-10 19:16:31
TRD-HOR-10874,Horizon_Brokers,AMZN,265,233.39,2026-05-11 14:01:00
TRD-HOR-10875,Horizon_Brokers,MSFT,157,423.14,2026-05-10 17:44:48
TRD-HOR-10876,Horizon_Brokers,AAPL,291,190.46,2026-05-11 01:33:34
TRD-HOR-10877,Horizon_Brokers,TSLA,342,191.84,2026-05-10 20:46:33
TRD-HOR-10878,Horizon_Brokers,AMZN,444,218.42,2026-05-11 02:46:48
TRD-HOR-10879,Horizon_Brokers,MSFT,182,256.92,2026-05-11 02:31:20
TRD-HOR-10880,Horizon_Brokers,TSLA,157,368.44,2026-05-11 05:11:31
TRD-HOR-10881,Horizon_Brokers,MSFT,220,443.58,2026-05-11 12:59:20
TRD-HOR-10882,Horizon_Brokers,GOOGL,444,360.19,2026-05-10 20:54:30
TRD-HOR-10883,Horizon_Brokers,GOOGL,212,149.86,2026-05-11 11:22:39
TRD-HOR-10884,Horizon_Brokers,TSLA,377,396.51,2026-05-11 00:09:46
TRD-HOR-10885,Horizon_Brokers,MSFT,275,372.11,2026-05-10 23:22:55
TRD-HOR-10886,Horizon_Brokers,TSLA,497,127.25,2026-05-11 03:39:45
TRD-HOR-10887,Horizon_Brokers,MSFT,97,363.44,2026-05-11 02:48:21
TRD-HOR-10888,Horizon_Brokers,TSLA,213,490.54,2026-05-11 00:12:34
TRD-HOR-10889,Horizon_Brokers,AMZN,78,262.32,2026-05-11 16:54:31
TRD-HOR-10890,Horizon_Brokers,AAPL,348,173.65,2026-05-11 04:50:27
TRD-HOR-10891,Horizon_Brokers,AMZN,401,296.58,2026-05-11 03:21:30
TRD-HOR-10892,Horizon_Brokers,GOOGL,197,412.99,2026-05-10 19:16:59
TRD-HOR-10893,Horizon_Brokers,MSFT,97,341.72,2026-05-11 14:00:31
TRD-HOR-10894,Horizon_Brokers,AAPL,378,328.71,2026-05-11 03:25:47
TRD-HOR-10895,Horizon_Brokers,AMZN,362,123.27,2026-05-10 18:02:26
TRD-HOR-10896,Horizon_Brokers,MSFT,235,174.26,2026-05-11 14:48:26
TRD-HOR-10897,Horizon_Brokers,GOOGL,184,449.36,2026-05-11 08:12:44
TRD-HOR-10898,Horizon_Brokers,GOOGL,100,435.57,2026-05-10 17:45:27
TRD-HOR-10899,Horizon_Brokers,MSFT,158,238.17,2026-05-10 22:34:07
TRD-HOR-10900,Horizon_Brokers,GOOGL,414,56.23,2026-05-11 04:48:15
TRD-HOR-10901,Horizon_Brokers,AAPL,268,312.71,2026-05-11 11:14:56
TRD-HOR-10902,Horizon_Brokers,AMZN,355,385.73,2026-05-11 14:57:12
TRD-HOR-10903,Horizon_Brokers,AAPL,153,307.23,2026-05-10 21:29:23
TRD-HOR-10904,Horizon_Brokers,GOOGL,169,301.37,2026-05-11 07:14:31
TRD-HOR-10905,Horizon_Brokers,AMZN,417,479.85,2026-05-11 12:03:00
TRD-HOR-10906,Horizon_Brokers,TSLA,375,56.7,2026-05-11 02:24:22
TRD-HOR-10907,Horizon_Brokers,MSFT,100,357.82,2026-05-11 03:02:18
TRD-HOR-10908,Horizon_Brokers,GOOGL,127,143.61,2026-05-11 02:15:23
TRD-HOR-10909,Horizon_Brokers,AAPL,135,273.53,2026-05-11 02:59:36
TRD-HOR-10910,Horizon_Brokers,MSFT,220,344.27,2026-05-11 14:31:24
TRD-HOR-10911,Horizon_Brokers,AAPL,348,303.14,2026-05-10 20:13:27
TRD-HOR-10912,Horizon_Brokers,MSFT,192,51.97,2026-05-11 02:51:33
TRD-HOR-10913,Horizon_Brokers,TSLA,321,182.34,2026-05-11 12:28:31
TRD-HOR-10914,Horizon_Brokers,MSFT,359,83.06,2026-05-11 01:36:37
TRD-HOR-10915,Horizon_Brokers,GOOGL,451,102.84,2026-05-10 20:01:12
TRD-HOR-10916,Horizon_Brokers,GOOGL,210,479.06,2026-05-11 05:59:15
TRD-HOR-10917,Horizon_Brokers,GOOGL,88,256.71,2026-05-11 08:10:23
TRD-HOR-10918,Horizon_Brokers,AMZN,402,399.4,2026-05-11 08:37:14
TRD-HOR-10919,Horizon_Brokers,TSLA,228,99.7,2026-05-11 01:51:24
TRD-HOR-10920,Horizon_Brokers,GOOGL,64,125.52,2026-05-10 19:42:04
TRD-HOR-10921,Horizon_Brokers,AMZN,81,246.36,2026-05-10 18:32:04
TRD-HOR-10922,Horizon_Brokers,GOOGL,469,294.35,2026-05-10 18:10:43
TRD-HOR-10923,Horizon_Brokers,MSFT,473,278.63,2026-05-11 05:18:52
TRD-HOR-10924,Horizon_Brokers,TSLA,381,219.4,2026-05-11 02:10:32
TRD-HOR-10925,Horizon_Brokers,AAPL,200,384.0,2026-05-11 05:23:20
TRD-HOR-10926,Horizon_Brokers,TSLA,53,177.64,2026-05-11 11:06:14
TRD-HOR-10927,Horizon_Brokers,AAPL,73,280.26,2026-05-10 22:26:41
TRD-HOR-10928,Horizon_Brokers,MSFT,34,239.69,2026-05-11 15:25:24
TRD-HOR-10929,Horizon_Brokers,AAPL,462,442.86,2026-05-11 10:13:03
TRD-HOR-10930,Horizon_Brokers,AAPL,350,495.15,2026-05-11 12:14:07
TRD-HOR-10931,Horizon_Brokers,MSFT,436,361.44,2026-05-11 04:11:49
TRD-HOR-10932,Horizon_Brokers,MSFT,371,415.79,2026-05-11 09:40:59
TRD-HOR-10933,Horizon_Brokers,TSLA,32,81.53,2026-05-10 18:03:49
TRD-HOR-10934,Horizon_Brokers,GOOGL,156,276.46,2026-05-11 07:39:42
TRD-HOR-10935,Horizon_Brokers,AMZN,362,211.17,2026-05-11 17:04:59
TRD-HOR-10936,Horizon_Brokers,TSLA,242,359.29,2026-05-10 17:36:34
TRD-HOR-10937,Horizon_Brokers,AMZN,251,498.08,2026-05-11 16:11:25
TRD-HOR-10938,Horizon_Brokers,TSLA,136,255.53,2026-05-11 16:41:17
TRD-HOR-10939,Horizon_Brokers,AAPL,77,475.66,2026-05-11 15:34:52
TRD-HOR-10940,Horizon_Brokers,TSLA,463,194.88,2026-05-11 14:59:48
TRD-HOR-10941,Horizon_Brokers,AAPL,39,465.47,2026-05-11 06:03:54
TRD-HOR-10942,Horizon_Brokers,TSLA,445,176.32,2026-05-11 07:48:46
TRD-HOR-10943,Horizon_Brokers,AAPL,290,,2026-05-11 13:21:14
TRD-HOR-10944,Horizon_Brokers,AAPL,117,299.6,2026-05-11 05:47:05
TRD-HOR-10945,Horizon_Brokers,AMZN,265,363.16,2026-05-11 16:34:06
TRD-HOR-10946,Horizon_Brokers,AAPL,211,230.77,2026-05-10 17:42:10
TRD-HOR-10947,Horizon_Brokers,AMZN,69,425.28,2026-05-11 01:25:32
TRD-HOR-10948,Horizon_Brokers,AAPL,467,225.65,2026-05-11 09:40:55
TRD-HOR-10949,Horizon_Brokers,AMZN,62,321.83,2026-05-11 05:53:00
TRD-HOR-10950,Horizon_Brokers,AMZN,126,437.68,2026-05-11 00:32:01
TRD-HOR-10951,Horizon_Brokers,GOOGL,102,407.47,2026-05-11 06:05:16
TRD-HOR-10952,Horizon_Brokers,GOOGL,463,87.1,2026-05-10 19:42:17
TRD-HOR-10953,Horizon_Brokers,TSLA,125,327.84,2026-05-11 08:27:33
TRD-HOR-10954,Horizon_Brokers,GOOGL,240,187.94,2026-05-10 20:28:02
TRD-HOR-10955,Horizon_Brokers,MSFT,483,100.35,2026-05-10 18:50:18
TRD-HOR-10956,Horizon_Brokers,TSLA,135,183.64,2026-05-11 17:04:40
TRD-HOR-10957,Horizon_Brokers,MSFT,65,355.94,2026-05-11 12:15:20
TRD-HOR-10958,Horizon_Brokers,GOOGL,130,380.84,2026-05-11 17:16:00
TRD-HOR-10959,Horizon_Brokers,TSLA,339,371.77,2026-05-11 15:32:49
TRD-HOR-10960,Horizon_Brokers,AMZN,38,422.96,2026-05-11 07:43:46
TRD-HOR-10961,Horizon_Brokers,AMZN,340,404.54,2026-05-10 23:07:31
TRD-HOR-10962,Horizon_Brokers,AAPL,285,83.79,2026-05-11 06:38:44
TRD-HOR-10963,Horizon_Brokers,AMZN,80,254.47,2026-05-11 10:22:25
TRD-HOR-10964,Horizon_Brokers,GOOGL,289,303.69,2026-05-10 18:36:02
TRD-HOR-10965,Horizon_Brokers,TSLA,436,374.83,2026-05-11 05:17:38
TRD-HOR-10966,Horizon_Brokers,GOOGL,45,177.45,2026-05-11 11:23:52
TRD-HOR-10967,Horizon_Brokers,GOOGL,45,50.92,2026-05-11 03:55:44
TRD-HOR-10968,Horizon_Brokers,TSLA,377,288.88,2026-05-11 10:34:01
TRD-HOR-10969,Horizon_Brokers,AMZN,487,188.34,2026-05-11 05:09:49
TRD-HOR-10970,Horizon_Brokers,MSFT,140,451.43,2026-05-11 00:05:14
TRD-HOR-10971,Horizon_Brokers,MSFT,404,364.44,2026-05-11 14:15:02
TRD-HOR-10972,Horizon_Brokers,AAPL,281,339.9,2026-05-10 20:50:00
TRD-HOR-10973,Horizon_Brokers,AAPL,19,105.04,2026-05-10 18:47:56
TRD-HOR-10974,Horizon_Brokers,TSLA,419,67.58,2026-05-10 19:22:17
TRD-HOR-10975,Horizon_Brokers,MSFT,269,307.61,2026-05-11 00:38:10
TRD-HOR-10976,Horizon_Brokers,AAPL,377,453.8,2026-05-11 17:00:02
TRD-HOR-10977,Horizon_Brokers,AAPL,113,323.87,2026-05-11 05:08:10
TRD-HOR-10978,Horizon_Brokers,AAPL,392,486.89,2026-05-11 10:38:09
TRD-HOR-10979,Horizon_Brokers,AAPL,454,160.42,2026-05-10 20:02:17
TRD-HOR-10980,Horizon_Brokers,AMZN,192,57.77,2026-05-11 14:13:03
TRD-HOR-10981,Horizon_Brokers,TSLA,34,93.81,2026-05-10 19:20:56
TRD-HOR-10982,Horizon_Brokers,AAPL,399,389.97,2026-05-11 10:35:00
TRD-HOR-10983,Horizon_Brokers,AAPL,440,239.78,2026-05-10 21:26:37
TRD-HOR-10984,Horizon_Brokers,GOOGL,38,451.95,2026-05-11 00:14:46
TRD-HOR-10985,Horizon_Brokers,TSLA,475,434.33,2026-05-11 00:55:07
TRD-HOR-10986,Horizon_Brokers,AAPL,433,160.02,2026-05-11 08:47:35
TRD-HOR-10987,Horizon_Brokers,TSLA,422,209.84,2026-05-11 00:35:04
TRD-HOR-10988,Horizon_Brokers,AMZN,363,427.71,2026-05-11 09:30:53
TRD-HOR-10989,Horizon_Brokers,TSLA,273,111.71,2026-05-10 23:25:31
TRD-HOR-10990,Horizon_Brokers,GOOGL,260,172.08,2026-05-11 12:17:08
TRD-HOR-10991,Horizon_Brokers,TSLA,70,291.08,2026-05-11 00:17:15
TRD-HOR-10992,Horizon_Brokers,AAPL,186,273.93,2026-05-11 01:00:55
TRD-HOR-10993,Horizon_Brokers,MSFT,62,188.42,2026-05-10 20:10:46
TRD-HOR-10994,Horizon_Brokers,TSLA,481,260.21,2026-05-11 07:52:34
TRD-HOR-10995,Horizon_Brokers,MSFT,348,249.66,2026-05-10 23:18:47
TRD-HOR-10996,Horizon_Brokers,AAPL,295,123.39,2026-05-10 23:15:34
TRD-HOR-10997,Horizon_Brokers,MSFT,95,465.72,2026-05-10 18:06:14
TRD-HOR-10998,Horizon_Brokers,AMZN,484,302.54,2026-05-11 04:14:54
TRD-HOR-10999,Horizon_Brokers,MSFT,28,157.13,2026-05-10 18:28:14
